-- phpMyAdmin SQL Dump
-- version 5.1.1deb5ubuntu1
-- https://www.phpmyadmin.net/
--
-- Host: localhost:3306
-- Generation Time: Jul 03, 2025 at 11:41 AM
-- Server version: 8.0.42-0ubuntu0.22.04.1
-- PHP Version: 8.1.2-1ubuntu2.21

SET SQL_MODE = "NO_AUTO_VALUE_ON_ZERO";
START TRANSACTION;
SET time_zone = "+00:00";


/*!40101 SET @OLD_CHARACTER_SET_CLIENT=@@CHARACTER_SET_CLIENT */;
/*!40101 SET @OLD_CHARACTER_SET_RESULTS=@@CHARACTER_SET_RESULTS */;
/*!40101 SET @OLD_COLLATION_CONNECTION=@@COLLATION_CONNECTION */;
/*!40101 SET NAMES utf8mb4 */;

--
-- Database: `tutorias`
--

-- --------------------------------------------------------

--
-- Table structure for table `carreras`
--

CREATE TABLE `carreras` (
  `codigoCarrera` text NOT NULL,
  `nombre` text NOT NULL,
  `codigoInstituto` text NOT NULL,
  `siglas` text NOT NULL
) ENGINE=InnoDB DEFAULT CHARSET=latin1;

--
-- Dumping data for table `carreras`
--

INSERT INTO `carreras` (`codigoCarrera`, `nombre`, `codigoInstituto`, `siglas`) VALUES
('02', 'Ingeniería en Computación', '002', 'IC'),
('04', 'Ingeniería en Electrónica', '001', 'IE'),
('03', 'Ingeniería en Diseño', '003', 'ID'),
('05', 'Licenciatura en Ciencias Empresariales', '005', 'LCE'),
('07', 'Licenciatura en Matemáticas Aplicadas', '004', 'LMA'),
('06', 'Ingeniería en Alimentos', '008', 'IA'),
('11', 'Ingeniería Industrial', '013', 'II'),
('14', 'Ingeniería en Mecatrónica', '001', 'IM'),
('17', 'Ingeniería en Física Aplicada', '004', 'IFA'),
('31', 'Ingeniería Mecánica Automotriz', '013', 'IMA'),
('50', 'Maestría en Diseño de Modas', '100', 'MDMO'),
('51', 'Maestría en Diseño de Muebles', '100', 'MDMU'),
('52', 'Maestría en Medios Interactivos', '100', 'MMI'),
('53', 'Maestría en Ciencias de Materiales', '100', 'MCM'),
('54', 'Maestría en Modelación Matemática', '100', 'MMM'),
('55', 'Maestría en Robótica', '100', 'MR'),
('56', 'Maestría en Administración de Negocios', '100', 'MAN'),
('57', 'Maestría en Tecnología Avanzada de Manufactura', '100', 'MTAM'),
('58', 'Maestría en Tecnologías de Cómputo Aplicado', '100', 'MTCA'),
('59', 'Maestría en Ciencias: Productos Naturales y Alimentos', '100', 'MCPNA'),
('60', 'Maestría en Electrónica Opción: Sistemas Inteligentes Aplicados', '100', 'MESIA'),
('61', 'Doctorado en Robótica', '100', 'DR'),
('62', 'Doctorado en Tecnologías de Cómputo Aplicado', '100', 'DTCA'),
('63', 'Doctorado en Modelación Matemática', '100', 'DMM'),
('64', 'Doctorado en Electrónica, Opción: Sistemas Inteligentes Aplicados', '100', 'DESIA'),
('90', 'Licenciatura en Estudios Mexicanos', '100', 'LEM'),
('91', 'Maestría en Sistemas Distribuidos', '100', 'MSD'),
('012', 'Estudios de Nuevos Materiales', '011', 'ENM'),
('032', 'Centro de Idiomas', '012', 'CI'),
('32', 'Ingeniería Civil', '003', 'ICV'),
('65', 'Maestría en Inteligencia Artificial', '100', 'MIA'),
('66', 'Doctorado en Inteligencia Artificial', '100', 'DIA'),
('67', 'Doctorado en Ciencias: Productos Naturales y Alimentos', '100', 'DCPNA'),
('68', 'Maestría en Ingeniería de Software', '100', 'MIS'),
('36', 'Ingeniería Química en Procesos Sostenibles', '008', 'IQ'),
('37', 'Maestría en Ciencia de Datos', '100', 'MCD');

-- --------------------------------------------------------

--
-- Table structure for table `institutos`
--

CREATE TABLE `institutos` (
  `codigo` text NOT NULL,
  `nombre` text NOT NULL
) ENGINE=InnoDB DEFAULT CHARSET=latin1;

--
-- Dumping data for table `institutos`
--

INSERT INTO `institutos` (`codigo`, `nombre`) VALUES
('002', 'Instituto de computación'),
('001', 'Instituto de electrónica y mecatrónica'),
('003', 'Instituto de diseño'),
('004', 'Instituto de física y matemáticas'),
('005', 'Instituto de ciencias sociales y humanidades'),
('008', 'Instituto de agroindustrias'),
('000', 'vice-rectoria académica'),
('100', 'Posgrado'),
('009', 'Instituto de hidrología'),
('010', 'Instituto de minería'),
('011', 'Centro de Estudios de Nuevos Materiales'),
('012', 'Centro de Idiomas'),
('013', 'Instituto de Ingeniería Industrial y Automotriz');

-- --------------------------------------------------------

--
-- Table structure for table `materias`
--

CREATE TABLE `materias` (
  `idplan` bigint NOT NULL,
  `nombre` text NOT NULL,
  `semestre` int NOT NULL,
  `id` bigint NOT NULL
) ENGINE=InnoDB DEFAULT CHARSET=latin1;

--
-- Dumping data for table `materias`
--

INSERT INTO `materias` (`idplan`, `nombre`, `semestre`, `id`) VALUES
(2, 'Programación estructurada', 1, 1),
(2, 'Precálculo', 1, 2),
(2, 'Química general para ingeniería', 1, 3),
(2, 'Física para ingeniería', 1, 4),
(2, 'História del pensamiento filósofico', 1, 5),
(2, 'Estructura de datos', 2, 6),
(2, 'Cálculo diferencial para Ingeniería', 2, 7),
(2, 'Álgebra líneal para ingeniería', 2, 8),
(2, 'Principios de electrónica analógica', 2, 9),
(2, 'Teoría general de sistemas', 2, 10),
(2, 'Programación orientada a objetos', 3, 11),
(2, 'Cálculo integral para ingeniería', 3, 12),
(1, 'Diseño de algoritmos', 0, 17),
(1, 'Matemáticas', 0, 19),
(1, 'Lógica matemática', 0, 20),
(1, 'Física', 0, 22),
(1, 'Programación estructurada', 1, 32),
(4, 'Bases de Administración', 0, 58),
(4, 'Introducción a la Contabilidad', 0, 60),
(4, 'Matemáticas', 0, 61),
(4, 'Diseño de Algoritmos', 0, 62),
(4, 'Lógica Matemática', 0, 63),
(4, 'Introducción a la Administración', 1, 64),
(4, 'Programación Estructurada', 1, 65),
(4, 'Introducción a la Contabilidad', 1, 66),
(4, 'Cálculo Diferencial e Integral', 1, 67),
(4, 'Historia del Pensamiento Filosófico', 1, 68),
(4, 'Psicología Industrial', 2, 69),
(4, 'Bases de Datos', 2, 70),
(4, 'Contabilidad I', 2, 72),
(4, 'Álgebra Lineal', 2, 73),
(4, 'Teoría General de Sistemas', 2, 74),
(8, 'Álgebra Superior I', 1, 75),
(8, 'Cálculo Diferencial', 1, 76),
(8, 'Geometría I', 1, 77),
(8, 'Historia del Pensamiento Filosófico', 1, 78),
(8, 'Programación Estructurada', 1, 79),
(8, 'Álgebra Superior II', 2, 80),
(8, 'Cálculo Integral', 2, 81),
(8, 'Geometría II', 2, 82),
(8, 'Herramientas Computacionales para la Matemática', 2, 83),
(8, 'Teoría General de Sistemas', 2, 84),
(8, 'Álgebra Lineal I', 3, 85),
(8, 'Cálculo Diferencial en Varias Variables', 3, 86),
(4, 'Administración, Desarrollo y Capacitación de Personal', 3, 87),
(4, 'Introducción al Derecho', 3, 88),
(8, 'Ecuaciones Diferenciales I', 3, 89),
(8, 'Matemáticas Discretas', 3, 90),
(8, 'Mecánica', 3, 91),
(4, 'Contabilidad II', 3, 92),
(8, 'Álgebra Lineal II', 4, 93),
(8, 'Análisis Numérico I', 4, 94),
(4, 'Programas de Contabilidad', 3, 95),
(8, 'Cálculo Integral en Varias Variables', 4, 96),
(8, 'Electromagnetismo', 4, 97),
(8, 'Estructura de Datos', 4, 98),
(4, 'Probabilidad y Estadística', 3, 99),
(8, 'Álgebra Moderna I', 5, 100),
(4, 'Fundamentos de la Teoría de la Mercadotecnia', 4, 101),
(8, 'Análisis Matemático I', 5, 102),
(3, 'Mecánica Clásica', 1, 103),
(4, 'Administración de Sueldos y Salarios', 4, 104),
(8, 'Análisis Numérico II', 5, 105),
(8, 'Probabilidad', 5, 106),
(4, 'Contabilidad de Costos', 4, 107),
(4, 'Derecho Mercantil I', 4, 108),
(8, 'Álgebra Moderna II', 6, 109),
(4, 'Programas Administrativos', 4, 110),
(8, 'Análisis Matemático II', 6, 111),
(3, 'Cálculo Diferencial', 1, 112),
(4, 'Administración de Recursos Materiales', 5, 113),
(8, 'Procesos Estocásticos', 6, 114),
(8, 'Variable Compleja I', 6, 115),
(4, 'Estudio de Mercados', 5, 116),
(3, 'Programación Estructurada', 1, 117),
(1, 'Cálculo diferencial', 1, 118),
(4, 'Derecho Mercantil II', 5, 119),
(8, 'Análisis Convexo', 7, 120),
(8, 'Ecuaciones Diferenciales II', 7, 121),
(3, 'Química General', 1, 122),
(4, 'Finanzas Empresariales I', 5, 123),
(8, 'Lógica Matemática', 7, 124),
(4, 'Microeconomía', 5, 125),
(8, 'Topología I', 7, 126),
(3, 'Historia del Pensamiento Filosófico', 1, 127),
(8, 'Variable Compleja II', 7, 128),
(4, 'Programas Financieros', 5, 129),
(8, 'Ecuaciones Diferenciales en Derivadas Parciales', 8, 130),
(3, 'Cálculo Integral', 2, 131),
(8, 'Estadística', 8, 132),
(8, 'Programación Lógica', 8, 133),
(8, 'Teoría de la Medida', 8, 134),
(8, 'Teoría de la Optimización', 8, 135),
(3, 'Álgebra Lineal', 2, 136),
(8, 'Seminario de Tesis I', 9, 137),
(4, 'Finanzas Empresariales II', 6, 138),
(8, 'Topología II', 9, 139),
(4, 'Macroeconomía', 6, 140),
(4, 'Finanzas Públicas', 6, 141),
(3, 'Estructura de Datos', 2, 142),
(4, 'Derecho Laboral', 6, 143),
(4, 'Introducción a la Auditoría', 6, 144),
(3, 'Química Orgánica I', 2, 145),
(4, 'Economía Internacional', 7, 146),
(2, 'Diseño de algoritmos', 0, 147),
(4, 'Administración de Mercados I', 7, 148),
(4, 'Sistema Financiero', 7, 149),
(3, 'Teoría General de Sistemas', 2, 150),
(2, 'Matemáticas', 0, 151),
(4, 'Auditoria Administrativa', 7, 152),
(3, 'Introducción a la Ingeniería en Alimentos', 2, 153),
(4, 'Derecho Fiscal', 7, 154),
(3, 'Ecuaciones Diferenciales', 3, 155),
(2, 'Lógica matemática', 0, 156),
(4, 'Economía de México', 8, 157),
(2, 'Física', 0, 158),
(3, 'Balance de Materia y Energía', 3, 159),
(8, 'Análisis de Regresión', 9, 160),
(4, 'Estrategia Publicitaria y Promocional', 8, 161),
(4, 'Administración de Mercados II', 8, 162),
(8, 'Tópicos de Probabilidad', 9, 163),
(4, 'Presupuestos', 8, 164),
(8, 'Métodos de Optimización', 9, 165),
(3, 'Química Orgánica II', 3, 166),
(3, 'Bioquímica I', 3, 167),
(8, 'Investigación de Operaciones I', 9, 168),
(3, 'Microbiología General', 3, 169),
(4, 'Investigación de Operaciones', 8, 170),
(3, 'Métodos Numéricos', 4, 171),
(3, 'Fisicoquímica I', 4, 172),
(4, 'Estadística', 7, 173),
(3, 'Química de Alimentos', 4, 174),
(8, 'Inteligencia Artificial I', 9, 175),
(3, 'Bioquímica II', 4, 176),
(8, 'Sistemas Expertos I', 9, 177),
(3, 'Microbiología de Alimentos', 4, 178),
(3, 'Teoría Económica', 5, 179),
(3, 'Probabilidad y Estadística', 5, 180),
(3, 'Fisicoquímica  II', 5, 181),
(3, 'Fenómenos de Transporte I', 5, 182),
(3, 'Química Analítica', 5, 183),
(3, 'Nutrición', 5, 184),
(8, 'Economía Matemática', 10, 185),
(8, 'Seminario de Tesis II', 10, 186),
(4, 'Modelación Matemática Aplicada a Mercados Financieros', 9, 187),
(1, 'Álgebra', 1, 188),
(1, 'Historia del pensamiento filosófico', 1, 189),
(1, 'Estructura de datos', 2, 190),
(1, 'Cálculo integral', 2, 191),
(1, 'Álgebra lineal', 2, 192),
(1, 'Mecánica', 2, 193),
(4, 'Metodología de la Investigación', 9, 194),
(4, 'Desarrollo y Evaluación de Proyectos de Inversión', 9, 195),
(1, 'Teoría general de sistemas', 2, 196),
(1, 'Programación orientada a objetos I', 3, 197),
(3, 'Administración', 6, 198),
(1, 'Ecuaciones diferenciales', 3, 199),
(1, 'Matemáticas discretas', 3, 200),
(3, 'Tecnología de Frutas y Hortalizas', 6, 201),
(1, 'Electromagnetismo', 3, 202),
(3, 'Fisicoquímica de Alimentos', 6, 203),
(1, 'Interacción humano computadora', 3, 204),
(3, 'Fenómenos de Transporte II', 6, 205),
(3, 'Análisis Instrumental', 6, 206),
(3, 'Diseño y Análisis de Experimentos', 6, 207),
(4, 'Seminario de Simulación Empresarial I', 9, 208),
(3, 'Contabilidad', 7, 209),
(4, 'Administración Financiera', 9, 210),
(3, 'Tecnología de Cereales', 7, 211),
(4, 'Análisis de Decisiones', 10, 212),
(3, 'Tecnología de la Carne y Productos Cárnicos', 7, 213),
(1, 'Autómatas y lenguajes formales', 4, 214),
(8, 'Muestreo', 10, 215),
(8, 'Simulación Estadística', 10, 216),
(8, 'Optimización de Espacios Vectoriales', 10, 217),
(1, 'Programación orientada a objetos II', 4, 218),
(1, 'Métodos numéricos', 4, 219),
(1, 'Circuitos eléctricos', 4, 220),
(8, 'Investigación de Operaciones II', 10, 221),
(1, 'Ingeniería de software', 4, 222),
(8, 'Inteligencia Artificial II', 10, 223),
(3, 'Ingeniería de Alimentos I', 7, 224),
(8, 'Sistemas Expertos II', 10, 225),
(3, 'Análisis de Alimentos', 7, 226),
(3, 'Dibujo en Ingeniería', 7, 227),
(1, 'Compiladores', 5, 228),
(8, 'Lógica Matemática', 0, 229),
(8, 'Matemáticas', 0, 230),
(1, 'Comunicación de datos', 5, 231),
(8, 'Diseño de Algoritmo', 0, 232),
(8, 'Física', 0, 233),
(3, 'Analisis y Diseño de Estructuras Administrativas', 8, 234),
(3, 'Desarrollo de Nuevos Productos', 8, 235),
(3, 'Tecnología de la Leche y Productos Lácteos', 8, 236),
(5, 'Lógica Matemática', 0, 237),
(5, 'Matemáticas', 0, 238),
(3, 'Ingeniería en Alimentos II', 8, 239),
(5, 'Diseño de Algoritmos', 0, 240),
(5, 'Física', 0, 241),
(5, 'Matemáticas Básicas', 1, 242),
(5, 'Geometría Euclideana', 1, 243),
(3, 'Evaluación Sensorial', 8, 244),
(1, 'Graficación por computadora', 5, 245),
(1, 'Electrónica analógica', 5, 246),
(3, 'Ingeniería Bioquímica', 8, 247),
(1, 'Bases de datos', 5, 248),
(3, 'Mercadotecnia', 9, 249),
(3, 'Empaques y Embalajes', 9, 250),
(1, 'Redes de computadoras', 6, 251),
(3, 'Ingeniería de Alimentos III', 9, 252),
(1, 'Sistemas operativos', 6, 253),
(3, 'Control de Calidad', 9, 254),
(1, 'Lenguaje ensamblador', 6, 255),
(3, 'Formulación y Evaluación de Proyectos', 9, 256),
(5, 'Programación Estructurada', 1, 257),
(1, 'Electrónica digital I', 6, 258),
(5, 'Historia del Pensamiento Filosófico', 1, 259),
(3, 'Dirección', 10, 260),
(5, 'Álgebra Superior', 2, 261),
(3, 'Investigación de Operaciones', 10, 262),
(1, 'Recuperación de la información', 6, 263),
(5, 'Cálculo Diferencial', 2, 264),
(3, 'Seminario de Tesis', 10, 265),
(5, 'Geometría Analítica', 2, 266),
(1, 'Programación lógica', 7, 267),
(3, 'Tecnología de Bebidas', 10, 268),
(5, 'Estructura de Datos', 2, 269),
(1, 'Sistemas distribuidos y paralelos', 7, 270),
(5, 'Teoría General de Sistemas', 2, 271),
(3, 'Desarrollo y Diseño de Plantas Alimentarias', 10, 272),
(1, 'Probabilidad y estadística', 7, 273),
(5, 'Álgebra Lineal I', 3, 274),
(1, 'Electrónica digital II', 7, 275),
(5, 'Cálculo Integral', 3, 276),
(1, 'Programación web', 7, 277),
(5, 'Matemáticas Discretas', 3, 278),
(1, 'Inteligencia artificial', 8, 279),
(1, 'Análisis y complejidad de algoritmos', 8, 280),
(5, 'Herramientas Computacionales para la Matemática', 3, 281),
(5, 'Mecánica', 3, 282),
(1, 'Investigación de operaciones', 8, 283),
(1, 'Arquitectura de computadoras', 8, 284),
(5, 'Álgebra Lineal II', 4, 285),
(1, 'Administración y dirección de empresas', 8, 286),
(5, 'Cálculo Diferencial en Varias Variables', 4, 287),
(1, 'Seminario de investigación I', 9, 288),
(5, 'Ecuaciones Diferenciales Ordinarias', 4, 289),
(1, 'Microcontroladores', 9, 290),
(5, 'Investigación de Operaciones', 4, 291),
(1, 'Contabilidad y finanzas', 9, 292),
(5, 'Electromagnetismo', 4, 293),
(1, 'Administración de infraestructura de tecnologías de información', 9, 294),
(5, 'Álgebra Moderna I', 5, 295),
(5, 'Cálculo Integral en Varias Variables', 5, 296),
(5, 'Ecuaciones Diferenciales Parciales', 5, 297),
(5, 'Probabilidad', 5, 298),
(5, 'Álgebra Moderna II', 6, 299),
(5, 'Análisis Matemático I', 6, 300),
(5, 'Sistemas Dinámicos', 6, 301),
(5, 'Análisis Numérico I', 6, 302),
(5, 'Estadística', 6, 303),
(5, 'Teoría de Optimización', 7, 304),
(1, 'Seguridad computacional', 9, 305),
(5, 'Análisis Matemático II', 7, 306),
(5, 'Variable Compleja', 7, 307),
(1, 'Seminario de investigación II', 10, 308),
(7, 'Mecánica Clásica', 1, 309),
(5, 'Análisis Numérico II', 7, 310),
(1, 'Nuevas tecnologías', 10, 311),
(1, 'Mercadotecnia', 10, 312),
(5, 'Procesos Estocásticos', 7, 313),
(5, 'Teoría de la Medida', 8, 314),
(5, 'Topología General', 8, 315),
(7, 'Cálculo Diferencial', 1, 316),
(5, 'Economía Matemática', 8, 317),
(5, 'Modelación Matemática', 8, 318),
(7, 'Historia del Pensamiento Filosófico', 1, 319),
(5, 'Temas de Estadística Aplicada', 8, 320),
(7, 'Introducción a la Ingeniería en Electrónica', 1, 321),
(5, 'Metodología de la Investigación', 9, 322),
(5, 'Análisis Funcional', 9, 323),
(7, 'Programación Estructurada', 1, 324),
(5, 'Lógica Matemática', 9, 325),
(2, 'Teoría de la computación', 3, 326),
(6, 'Química General', 1, 327),
(7, 'Álgebra Lineal', 2, 328),
(2, 'Diseño digital', 3, 329),
(5, 'Análisis de Fourier y Armónico', 9, 330),
(7, 'Cálculo Integral', 2, 331),
(2, 'Matemáticas discretas', 3, 332),
(6, 'Fundamentos de Matemáticas para Ingenieros', 1, 333),
(7, 'Teoría General de Sistemas', 2, 334),
(7, 'Metrología e Instrumentación', 2, 335),
(7, 'Programación Orientada a Objetos', 2, 336),
(2, 'Análisis de algoritmos', 4, 337),
(5, ' Introducción a la Teoría de Aproximación', 9, 338),
(2, 'Ecuaciones diferenciales', 4, 339),
(7, 'Análisis Vectorial', 3, 340),
(5, 'Temas Selectos de Topología', 9, 341),
(2, 'Lenguaje ensamblador', 4, 342),
(7, 'Ecuaciones Diferenciales', 3, 343),
(2, 'Cómputo reconfigurable', 4, 344),
(5, 'Tópicos de Matemáticas Aplicadas', 10, 345),
(2, 'Bases de datos', 4, 346),
(7, 'Tópicos de Química General', 3, 347),
(5, 'Programación Lógica', 10, 348),
(6, 'Herramientas de Computación', 1, 349),
(2, 'Ingeniería de software', 5, 350),
(5, 'Análisis de Algoritmos', 10, 351),
(2, 'Métodos numéricos', 5, 352),
(7, 'Circuitos Eléctricos I', 3, 353),
(6, 'Historia del Pensamiento Filosófico', 1, 354),
(2, 'Compiladores', 5, 355),
(7, 'Programación Visual', 3, 356),
(5, ' Cálculo Estocástico Aplicado a las Finanzas II', 10, 357),
(2, 'Arquitectura y organización de computadoras', 5, 358),
(6, 'Introducción a la Ingeniería en Alimentos', 1, 359),
(2, 'Programación web I', 5, 360),
(7, 'Electricidad y Magnetismo', 4, 361),
(5, 'Introducción a la Geometría y a la Topología Computacional', 10, 362),
(2, 'Desarrollo de software orientado a objetos', 6, 363),
(7, 'Métodos Numéricos', 4, 364),
(2, 'Sistemas operativos', 6, 365),
(7, 'Sensores y Transductores', 4, 366),
(2, 'Redes de computadoras I', 6, 367),
(7, 'Circuitos Eléctricos II', 4, 368),
(2, 'Sistemas embebidos', 6, 369),
(2, 'Programación web II', 6, 370),
(7, 'Circuitos Lógicos', 4, 371),
(2, 'Interacción humano computadora', 7, 372),
(2, 'Probabilidad y estadística', 7, 373),
(6, 'Química Orgánica I', 2, 374),
(7, 'Teoría Electromagnética', 5, 375),
(2, 'Redes de computadoras II', 7, 376),
(6, 'Cálculo Diferencial e Integral para Ingenieros', 2, 377),
(2, 'Administración y dirección empresarial', 7, 378),
(7, 'Probabilidad y Estadística', 5, 379),
(2, 'Programación funcional', 7, 380),
(6, 'Mécanica Clásica', 2, 381),
(7, 'Física de los Semiconductores', 5, 382),
(6, 'Teoría General de Sistemas', 2, 383),
(2, 'Desarrollo ágil de software', 8, 384),
(7, 'Circuitos Electrónicos I', 5, 385),
(2, 'Desarrollo de aplicaciones para dispositivos móviles', 8, 386),
(6, 'Cálculos Básicos en Ingeniería de Alimentos', 2, 387),
(7, 'Sistemas Digitales', 5, 388),
(2, 'Sistema de cómputo paralelo y distribuido', 8, 389),
(2, 'Mercadotecnia', 8, 390),
(2, 'Inteligencia artificial', 8, 391),
(7, 'Óptica', 6, 392),
(2, 'Administración de redes', 9, 393),
(5, 'Métodos de Optimización', 10, 394),
(7, 'Teoría de Comunicaciones', 6, 395),
(2, 'Desarrollo de videojuegos', 9, 396),
(2, 'Investigación de operaciones', 9, 397),
(7, 'Electrónica de Potencia I', 6, 398),
(2, 'Formulación y evaluación de proyectos', 10, 399),
(7, 'Circuitos Electrónicos II', 6, 400),
(2, 'Metodología de la investigación', 10, 401),
(7, 'Microcontroladores', 6, 402),
(2, 'Ética y profesionalismo', 10, 403),
(7, 'Ingeniería de Sistemas', 7, 404),
(7, 'Comunicaciones Analógicas', 7, 405),
(7, 'Máquinas Eléctricas', 7, 406),
(7, 'Sistemas de Control', 7, 407),
(7, 'Arquitectura de Computadoras', 7, 408),
(7, 'Fundamentos de Administración', 8, 409),
(7, 'Comunicaciones Digitales', 8, 410),
(7, 'Sistemas Operativos', 8, 411),
(7, 'Control Digital', 8, 412),
(7, 'Procesamiento Digital de Señales', 8, 413),
(7, 'Desarrollo Empresarial I', 9, 414),
(7, 'Redes de Computadoras I', 9, 415),
(7, 'Proyecto Terminal I', 9, 416),
(9, 'Cálculo Diferencial', 1, 417),
(9, 'Álgebra Superior', 1, 418),
(9, 'Cálculo Integral', 2, 419),
(9, 'Mecánica Clásica', 1, 420),
(9, 'Historia del Pensamiento Filosófico', 1, 421),
(9, 'Diseño y Análisis de Experimentos', 1, 422),
(9, 'Álgebra Lineal', 2, 423),
(9, 'Electrostática', 2, 424),
(9, 'Teoría General de Sistemas', 2, 425),
(9, 'Programación Estructurada', 2, 426),
(9, 'Cálculo Vectorial', 3, 427),
(9, 'Matemáticas Discretas', 3, 428),
(9, 'Electrodinámica', 3, 429),
(9, 'Ecuaciones Diferenciales Ordinarias', 3, 430),
(9, 'Instrumentación Electrónica', 3, 431),
(9, 'Probabilidad y Estadística', 4, 432),
(9, 'Termodinámica', 4, 433),
(9, 'Física Ondulatoria', 4, 434),
(9, 'Variable Compleja', 4, 435),
(9, 'Análisis de Circuitos Eléctricos', 4, 436),
(9, 'Análisis de Procesos Estocásticos', 5, 437),
(9, 'Métodos Matemáticos de la Física I', 5, 438),
(9, 'Electrónica Analógica', 5, 439),
(9, 'Física Moderna', 5, 440),
(9, 'Metrología y Transductores', 5, 441),
(9, 'Análisis Numérico', 6, 442),
(9, 'Métodos Matemáticos de la Física II', 6, 443),
(9, 'Mecánica Cuántica I', 6, 444),
(9, 'Mecánica Analítica', 6, 445),
(9, 'Química Inorgánica', 6, 446),
(9, 'Elemento Finito', 7, 447),
(9, 'Mecánica de Fluidos', 7, 448),
(9, 'Teoría Electromagnética', 7, 449),
(9, 'Mecánica Cuántica II', 7, 450),
(9, 'Química Orgánica', 7, 451),
(9, 'Procesamiento de señales', 8, 452),
(9, 'Física Estadística', 8, 453),
(9, 'Transferencia de Calor', 8, 454),
(9, 'Física del Estado Sólido', 8, 455),
(9, 'Dinámica de Sistemas', 8, 456),
(9, 'Formulación y Evaluación de Proyectos', 9, 457),
(9, 'Seminario de Tesis I', 9, 458),
(9, 'Óptica Geométrica', 9, 459),
(9, 'Ciencia de los Materiales', 9, 460),
(9, 'Energía y Medio Ambiente', 10, 461),
(9, 'Seminario de Tesis II', 10, 462),
(9, 'Fundamentos de Fotónica', 10, 463),
(9, 'Energías Alternativas', 10, 464),
(4, 'Desarrollo Organizacional', 10, 465),
(4, 'Planeación Estratégica', 10, 466),
(4, 'Seminario de Simulación Empresarial II', 10, 467),
(4, 'Toma de Decisiones Financieras', 10, 468),
(6, 'Química Orgánica II', 3, 469),
(6, 'Ecuaciones Diferenciales para Ingenieros', 3, 470),
(6, 'Microbiología de Alimentos', 3, 471),
(6, 'Balance de Materia y Energía', 3, 472),
(6, 'Bioquímica', 4, 473),
(6, 'Química de Alimentos', 4, 474),
(6, 'Termodinámica', 4, 475),
(6, 'Estadística y Quimiometría', 4, 476),
(6, 'Análisis Clásico de Alimentos', 4, 477),
(6, 'Análisis Instrumental de Alimentos', 5, 478),
(6, 'Fisicoquímica de Alimentos', 5, 479),
(6, 'Transporte de Movimiento con Aplicaciones', 5, 480),
(1, 'Procesamiento digital de imágenes', 9, 481),
(1, 'Tópicos avanzados de ingeniería de software', 9, 482),
(7, 'Tópicos Selectos de Control', 9, 483),
(1, 'Diseño y validación de protocolos de comunicación', 9, 484),
(1, 'Metaheurísticas', 9, 485),
(7, 'Microondas y Satélites', 9, 486),
(1, 'Desarrollo de la interacción humano computadora', 9, 487),
(7, 'Electrónica de Potencia II', 9, 488),
(1, 'Cómputo ubicuo', 10, 489),
(7, 'Fibra Óptica', 9, 490),
(1, 'Reconocimiento de patrones', 10, 491),
(1, 'Administración de proyectos', 10, 492),
(1, 'Programación distribuida y concurrente', 10, 493),
(7, 'Desarrollo Empresarial II', 10, 494),
(1, 'Redes neuronales artificiales', 10, 495),
(1, 'Procesos de calidad', 10, 496),
(7, 'Dirección de Empresas', 10, 497),
(2, 'Ingeniería de requerimientos', 9, 498),
(2, 'Procesamiento digital de imágenes', 9, 499),
(2, 'Pruebas de software', 9, 500),
(7, 'Proyecto Terminal II', 10, 501),
(7, 'Robótica', 10, 502),
(2, 'Computación flexible', 9, 503),
(7, 'Redes de Computadoras II', 10, 504),
(7, 'Controladores Lógicos Programables', 10, 505),
(2, 'Administración de proyectos', 10, 506),
(2, 'Reconocimiento de patrones', 10, 507),
(7, 'Telefonía y Comunicaciones Inalámbricas', 10, 508),
(2, 'Desarrollo de la interacción humano computadora', 10, 509),
(2, 'Metaheurísticas', 10, 510),
(6, 'Diseño y Análisis de Experimentos', 5, 511),
(6, 'Nutrición y Alimentos Funcionales', 6, 512),
(6, 'Transferencia de Calor y Masa con Aplicaciones', 6, 513),
(6, 'Procesos Tecnológicos de Productos Cárnicos', 6, 514),
(6, 'Taller de Evaluación Sensorial', 6, 515),
(6, 'Sistemas de Gestión de la Calidad', 7, 516),
(6, 'Operaciones Unitarias con Procesos Térmicos', 7, 517),
(6, 'Procesos Biotecnológicos Alimentarios', 7, 518),
(6, 'Procesos Tecnológicos de Cereales', 7, 519),
(6, 'Herramientas Administrativas y Financieras', 7, 520),
(6, 'Aseguramiento de la Calidad e Inocuidad Alimentaria', 8, 521),
(6, 'Seminario de Planeación y Análisis de Negocios', 8, 522),
(6, 'Operaciones por Etapas de Equilibrio', 8, 523),
(6, 'Procesos Tecnológicos de Frutas y Hortalizas', 8, 524),
(6, 'Metodología de la Investigación', 8, 525),
(6, 'Procesos de Separación Físico-Mecánicos', 9, 526),
(6, 'Procesos Tecnológicos de Productos Lácteos', 9, 527),
(6, 'Dibujo en Ingeniería', 9, 528),
(6, 'Gestión Ambiental y Sustentabilidad', 9, 529),
(6, 'Desarrollo de Nuevos Productos', 10, 530),
(6, 'Comportamiento Organizacional y Habilidades Directivas', 10, 531),
(6, 'Diseño de Plantas Alimentarias', 10, 532),
(6, 'Fronteras de la Ingeniería en Alimentos', 10, 533),
(6, 'Optativa II: Seminario de Ejecución y Evaluación de Negocios', 10, 534),
(6, 'Optativa I: Mercadotecnia en la Producción y Comercialización de Alimentos', 9, 535),
(6, 'Matemáticas', 0, 536),
(6, 'Química', 0, 537),
(6, 'Física', 0, 538),
(5, 'Cálculo estocástico Aplicada a las Finanzas I', 9, 539),
(10, 'Cálculo Diferencial e Integral', 1, 540),
(6, 'Optativa I: Higiene y Seguridad Industrial', 9, 541),
(6, 'Optativa II: Planeación y Control de Producción', 10, 542),
(10, 'Dibujo Asistido por Computadora', 1, 543),
(6, 'Lógica Matemática', 0, 544),
(6, 'Diseño de Algoritmos', 0, 545),
(10, 'Historia del Pensamiento Filosófico', 1, 546),
(10, 'Expresión Oral y Escrita', 1, 547),
(10, 'Programación Estructurada', 1, 548),
(10, 'Cálculo Vectorial', 2, 549),
(10, 'Fundamentos de Probabilidad y Estadística', 2, 550),
(11, 'Cálculo Diferencial', 1, 551),
(11, 'Mecánica Clásica', 1, 552),
(11, 'Dibujo Industrial', 1, 553),
(11, 'Historia del Pensamiento Filosófico', 1, 554),
(11, 'Introducción a la Ingeniería Industrial', 1, 555),
(11, 'Cálculo Integral', 2, 556),
(11, 'Álgebra Lineal', 2, 557),
(11, 'Electromagnetismo', 2, 558),
(10, 'Teoría General de Sistemas', 2, 559),
(11, 'Teoría General de Sistemas', 2, 560),
(10, 'Álgebra Lineal', 2, 561),
(11, 'Metodología de la Investigación', 2, 562),
(10, 'Programación Orientada a Objetos', 2, 563),
(11, 'Ecuaciones Diferenciales', 3, 564),
(11, 'Química General', 3, 565),
(11, 'Ingeniería Eléctrica', 3, 566),
(11, 'Programación Estructurada', 3, 567),
(10, 'Ecuaciones Diferenciales', 3, 568),
(11, 'Administración y Factor Humano', 3, 569),
(11, 'Métodos Numéricos', 4, 570),
(10, 'Métodos Numéricos', 3, 571),
(11, 'Probabilidad', 4, 572),
(10, 'Estática', 3, 573),
(11, 'Electrónica Analógica', 4, 574),
(11, 'Herramientas de Computación', 4, 575),
(10, 'Ingeniería de Materiales', 3, 576),
(11, 'Mecánica de Materiales', 4, 577),
(10, 'Electromagnetismo', 3, 578),
(11, 'Estudio del Trabajo y Productividad', 5, 579),
(11, 'Estadística', 5, 580),
(11, 'Maquinaria y Equipo Industrial', 5, 581),
(10, 'Métodos Matemáticos para Ingeniería', 4, 582),
(11, 'Metrología e Instrumentación', 5, 583),
(11, 'Mecánica de Fluidos', 5, 584),
(11, 'Ergonomía', 6, 585),
(11, 'Derecho Laboral y Propiedad Industrial', 6, 586),
(11, 'Mercadotecnia', 6, 587),
(11, 'Procesos de Manufactura I', 6, 588),
(10, 'Dinámica', 4, 589),
(11, 'Termodinámica y Transferencia de Calor', 6, 590),
(10, 'Mecánica de Materiales', 4, 591),
(11, 'Medio Ambiente', 7, 592),
(10, 'Procesos de Manufactura', 4, 593),
(11, 'Control Estadístico de Calidad', 7, 594),
(11, 'Administración de Recursos Materiales', 7, 595),
(10, 'Circuitos Eléctricos I', 4, 596),
(11, 'Procesos de Manufactura II', 7, 597),
(11, 'Ingeniería Económica', 7, 598),
(11, 'Higiene y Seguridad Industrial', 8, 599),
(10, 'Metrología y Transductores', 5, 600),
(11, 'Sistemas de Calidad', 8, 601),
(11, 'Planeación y Control de la Producción', 8, 602),
(10, 'Mecanismos', 5, 603),
(11, 'Investigación de Operaciones', 8, 604),
(11, 'Contabilidad y Costos', 8, 605),
(10, 'Electrónica Digital', 5, 606),
(10, 'Circuitos Eléctricos II', 5, 607),
(10, 'Electrónica Analógica', 5, 608),
(10, 'Modelado y Simulación de Sistemas Dinámicos', 6, 609),
(10, 'Diseño de Elementos de Máquinas', 6, 610),
(10, 'Circuitos Digitales Reconfigurables', 6, 611),
(10, 'Mecánica de Fluidos', 6, 612),
(10, 'Electrónica de Potencia', 6, 613),
(10, 'Microcontroladores', 7, 614),
(10, 'Máquinas Eléctricas', 7, 615),
(10, 'Neumática e Hidráulica', 7, 616),
(10, 'Control Clásico', 7, 617),
(10, 'Termodinámica y Transferencias de Calor', 7, 618),
(10, 'Control Moderno', 8, 619),
(10, 'Procesamientos Digital de Señales', 8, 620),
(10, 'Diseño Mecatrónico', 8, 621),
(10, 'Autómatas Programables', 8, 622),
(10, 'Robótica de Manipuladores', 8, 623),
(10, 'Seminario de Investigación', 9, 624),
(10, 'Control Avanzado', 9, 625),
(10, 'Elementos Finitos Aplicados a la Ingeniería', 9, 626),
(10, 'Fundamentos de Inteligencia Artificial', 9, 627),
(10, 'Proyecto Integrador de Ingeniería Mecatrónica', 9, 628),
(10, 'Control de Máquinas  de CD Mediante Convertidores CD-CD', 9, 629),
(10, 'Técnicas de Clustering para el Diagnóstico de Procesos', 9, 630),
(10, 'Vibraciones Mecánicas', 9, 631),
(10, 'Administración para Ingenieros', 9, 632),
(10, 'Ecología y Desarrollo Sostenible', 10, 633),
(10, 'Manufactura Avanzada', 10, 634),
(10, 'Control de Máquinas de CA', 10, 635),
(10, 'Control de Vibraciones Mecánicas', 10, 636),
(10, 'Diagnóstico y Supervisión de Procesos', 10, 637),
(10, 'Formulación y Evaluación de Proyectos', 10, 638),
(10, 'Administración de la Calidad', 10, 639),
(10, 'Nanotecnología', 10, 640),
(10, 'Procesamiento Digital de Imágenes', 10, 641),
(10, 'Recursos y Necesidades de México', 10, 642),
(10, 'Robótica Móvil', 10, 643),
(10, 'Tópicos Selectos de Biomecatrónica', 10, 644),
(9, 'Matemáticas', 0, 645),
(9, 'Física', 0, 646),
(9, 'Lógica Matemática', 0, 647),
(9, 'Diseño de algoritmos', 0, 648),
(12, 'Diseño y Análisis de Experimentos', 8, 649),
(12, 'Robótica', 8, 650),
(12, 'Diseño de Sistemas Mecatrónicos II', 8, 651),
(12, 'Ingeniería Económica', 8, 652),
(12, 'Sistema de Comunicaciones II', 8, 653),
(12, 'Arquitectura de Microcomputadoras', 8, 654),
(12, 'Procesos de Manufactura', 9, 655),
(12, 'Robótica II', 9, 656),
(12, 'Ecología y Desarrollo Sostenible', 9, 657),
(12, 'Formulación y Evaluación de Proyectos', 9, 658),
(12, 'Seminario de Tesis I', 9, 659),
(12, 'Sistemas de Manufactura', 10, 660),
(12, 'Nanotecnología', 10, 661),
(12, 'Introducción a la Biomecatrónica', 10, 662),
(12, 'Dirección', 10, 663),
(12, 'Seminario de Tesis II', 10, 664),
(10, 'Diseño de Algoritmos', 0, 665),
(10, 'Matemáticas', 0, 666),
(10, 'Lógica Matemática', 0, 667),
(10, 'Física', 0, 668),
(12, 'Diseño de Algoritmos', 0, 669),
(12, 'Matemáticas', 0, 670),
(12, 'Lógica Matemática ', 0, 671),
(12, 'Física', 0, 672),
(7, 'Diseño de Algoritmos', 0, 673),
(7, 'Matemáticas', 0, 674),
(7, 'Lógica Matemática', 0, 675),
(7, 'Física', 0, 676),
(13, 'Elementos Básicos del Diseño', 1, 678),
(13, 'Historia del Pensamiento Filosófico', 1, 679),
(13, 'Bases del Dibujo', 1, 680),
(13, 'Cálculo Diferencial e Integral', 1, 681),
(14, 'Álgebra Lineal', 2, 682),
(14, 'Estática', 2, 683),
(14, 'Geometría Descriptiva Aplicada', 2, 684),
(14, 'Comunicación Visual', 2, 685),
(14, 'Teoría General de Sistemas', 2, 686),
(14, 'Ecuaciones diferenciales', 3, 687),
(14, 'Dinámica', 3, 688),
(14, 'Métodos de Diseño ', 3, 689),
(14, 'Modelos', 3, 690),
(14, 'Programación Estructurada', 3, 691),
(14, 'Dibujo Industrial y Arquitectónico', 3, 692),
(14, 'Transferencia de Calor', 4, 693),
(14, 'Resistencia de Materiales', 4, 694),
(14, 'Materiales y Procesos: Textil', 4, 695),
(14, 'Ergonomía', 4, 696),
(14, 'Dibujo Asistedo por Computadora', 4, 697),
(14, 'Sistemas de Impresión', 4, 698),
(14, 'Física Ondulatoria', 5, 699),
(14, 'Análisis y Diseño de Estucturas', 5, 700),
(14, 'Materiales y Procesos: Maderas', 5, 701),
(14, 'Métodos Numéricos', 5, 702),
(14, 'Técnicas de Ilustración', 5, 703),
(14, 'Probabilidad y estadística', 6, 704),
(14, 'Elementos de Máquinas', 6, 705),
(14, 'Proyecto Arquitectónico I', 6, 706),
(14, 'Materiales y Procesos: Cerámica y Vidrio', 6, 707),
(14, 'Sistemas Constructivos', 6, 708),
(14, 'Diseño Editorial', 6, 709),
(14, 'Costos y Presupuestos', 7, 710),
(14, 'Proyecto Arquitectónico II', 7, 711),
(14, 'Materiales y Procesos: Metalmecánica', 7, 712),
(14, 'Identidad Corporativa', 7, 713),
(14, 'Análisis Financiero', 7, 714),
(14, 'Diseño Interior', 8, 715),
(14, 'Materiales y Procesos: Metales Laminados', 8, 716),
(14, 'Diseño de Productos', 8, 717),
(14, 'Multimedios', 8, 718),
(14, 'Mercadotécnica', 8, 719),
(14, 'Materiales y Procesos: Plásticos', 9, 720),
(14, 'Seminario de Tesis I', 9, 721),
(14, 'Análisis y Manufactura Asistida por Computadora', 9, 722),
(14, 'Envase y Embalaje', 9, 723),
(14, 'Administración y Dirección', 9, 724),
(14, 'Diseño Urbano', 10, 725),
(14, 'Seminaro de Tesis II', 10, 726),
(14, 'Desarrollo e Implementación de Productos', 10, 727),
(14, 'Gestión de Negocios', 10, 728),
(11, 'Diseño y Distribución de Plantas Industriales', 9, 729),
(11, 'Planeación Organizacional', 9, 730),
(11, 'Logística', 9, 731),
(11, 'Formulación y Evaluación de Proyectos', 9, 732),
(11, 'Optativa I: Manufactura Asistida por Computadora', 9, 733),
(11, 'Optativa I: Dirección General', 9, 734),
(11, 'Simulación Industrial', 10, 735),
(11, 'Administración del Mantenimiento', 10, 736),
(11, 'Seminario de Tesis', 10, 737),
(11, 'Optativa II: Sistemas de Manufactura', 10, 738),
(11, 'Optativa II: Toma de Decisiones', 10, 739),
(11, 'Optativa III: Automatización Industrial', 10, 740),
(11, 'Optativa III: Procesos de Importación y Exportación', 10, 741),
(11, 'Matemáticas', 0, 742),
(11, 'Lógica matemática', 0, 743),
(11, 'Diseño de algoritmos', 0, 744),
(11, 'Física', 0, 745),
(15, 'Fundamentos para robótica', 1, 746),
(15, 'Algebra lineal ', 0, 747),
(15, 'Ecuaciones diferenciales', 0, 748),
(15, 'Control ', 0, 749),
(15, 'Programación ', 0, 750),
(15, 'Metodología de la Investigación ', 0, 751),
(15, 'Probabilidad', 0, 752),
(23, 'Programación ', 0, 753),
(23, 'Matemáticas', 0, 754),
(23, 'Lógica', 0, 755),
(23, 'Metodología de la Investigación ', 0, 756),
(23, 'Tópicos selectos de computación', 0, 757),
(25, 'Matemáticas', 0, 758),
(25, 'Electrónica digital', 0, 759),
(25, 'Programación ', 0, 760),
(25, 'Control ', 0, 761),
(25, 'Metodología de la Investigación ', 0, 762),
(26, 'Termodinámica elemental', 0, 763),
(26, 'Introducción a la manufactura', 0, 764),
(26, 'Fundamentos de programación para el cómputo científico', 0, 765),
(18, 'Teoría de Diseño ', 0, 766),
(18, 'Taller de Creatividad', 0, 767),
(18, 'Técnicas de Experimentación en Medios', 0, 768),
(18, 'Introducción a la programación ', 0, 769),
(18, 'Introducción a la Tecnología de los Medios', 0, 770),
(19, 'Elementos de Física General ', 0, 771),
(19, 'Química', 0, 772),
(19, 'Elementos de Matemáticas', 0, 773),
(19, 'Introducción a la Ciencia de Materiales', 0, 774),
(21, 'Introducción a la Administración ', 0, 775),
(21, 'Introducción a las Finanzas', 0, 776),
(21, 'Introducción a la Probabilidad, estadística y el Uso de Excel', 0, 777),
(21, 'Aspectos Legales de la Administración de Negocios', 0, 778),
(21, 'Metodología de la Investigación ', 0, 779),
(24, 'Matemáticas', 0, 780),
(24, 'Bioquímica', 0, 781),
(24, 'Química de Alimentos', 0, 782),
(24, 'Química orgánica', 0, 783),
(20, 'Algebra Lineal', 0, 784),
(20, 'Análisis Matemático', 0, 785),
(20, 'Introducción a la probabilidad', 0, 786),
(20, 'Ecuaciones diferenciales', 0, 787),
(17, 'Introducción a la Industria del Mueble', 0, 788),
(17, 'Pensamiento creativo', 0, 789),
(17, 'Introducción al CAD', 0, 790),
(17, 'Elementos básicos de administración ', 0, 791),
(16, 'Elementos básicos de administración ', 0, 792),
(16, 'Talleres de dibujo', 0, 793),
(16, 'Pensamiento creativo', 0, 794),
(16, 'Introducción al software en diseño', 0, 795),
(16, 'Taller de accesorios', 0, 796),
(16, 'Talleres de introducción a la confección de diseño de modas', 0, 797),
(22, 'Fundamentos de matemáticas discretas', 0, 798),
(22, 'Fundamentos de la comunicación de datos', 0, 799),
(22, 'Análisis e implementación de algoritmos', 0, 800),
(22, 'Introdución a la investigación científica y tecnológica', 0, 801),
(31, 'Cálculo Diferencial', 1, 802),
(31, 'Química General', 1, 803),
(31, 'Programación Estructurada', 1, 804),
(31, 'Historia del Pensamiento Filosófico', 1, 805),
(31, 'Taller Automotriz I', 1, 806),
(31, 'Cálculo Integral', 2, 807),
(31, 'Álgebra Lineal', 2, 808),
(31, 'Ingeniería de Materiales', 2, 809),
(31, 'Teoría General de Sistemas', 2, 810),
(31, 'Dibujo Asistido por Computadora', 2, 811),
(31, 'Cálculo Vectorial', 3, 812),
(31, 'Ecuaciones Diferenciales', 3, 813),
(31, 'Estática', 3, 814),
(31, 'Electromagnetismo', 3, 815),
(31, 'Taller Automotriz II', 3, 816),
(31, 'Probabilidad y Estadística', 4, 817),
(31, 'Métodos Numéricos', 4, 818),
(31, 'Dinámica', 4, 819),
(31, 'Mecánica de Materiales', 4, 820),
(31, 'Circuitos Eléctricos', 4, 821),
(31, 'Máquinas Eléctricas', 5, 822),
(31, 'Mecanismos', 5, 823),
(31, 'Termodinámica y Máquinas Térmicas', 5, 824),
(31, 'Fundamentos de Electrónica', 5, 825),
(31, 'Taller Automotriz III', 5, 826),
(31, 'Procesos de Manufactura', 6, 827),
(31, 'Diseño de Elementos de Máquinas', 6, 828),
(31, 'Mecánica de Fluidos y Máquinas Hidráulicas', 6, 829),
(31, 'Análisis de Vibraciones Mecánicas', 6, 830),
(31, 'Metrología y Transductores', 6, 831),
(31, 'Elemento Finito', 7, 832),
(31, 'Diseño Asistido por Computadora', 7, 833),
(31, 'Transferencia de Calor', 7, 834),
(31, 'Electrónica de Potencia', 7, 835),
(31, 'Microcontroladores', 7, 836),
(31, 'Administración de Empresas Automotrices', 8, 837),
(31, 'Manufactura Asistida por Computadora', 8, 838),
(31, 'Máquinas de combustión Interna', 8, 839),
(31, 'Diseño de Herramentales', 8, 840),
(31, 'Sistema Eléctrico Automotriz', 8, 841),
(31, 'Ecología y Desarrollo Automotriz', 9, 842),
(31, 'Sistema Mecánico Automotriz', 9, 843),
(31, 'Sistema Electrónico Automotriz', 9, 844),
(31, 'Optativa I: Celdas de Combustible', 9, 845),
(31, 'Desarrollo de Proyecto Automotriz I', 9, 846),
(31, 'Administración del Trabajo Interdisciplinario', 10, 847),
(31, 'Análisis Digital Automotriz', 10, 848),
(31, 'Optativa II: Motores Eléctricos Automotrices', 10, 849),
(31, 'Optativa III: Tecnología Híbrida Automotriz ', 10, 850),
(31, 'Desarrollo de Proyecto Automotriz II', 10, 851),
(47, 'Fundamentos de Algoritmos Distribuidos', 1, 852),
(33, 'Historia General de México', 0, 853),
(33, 'Nociones Elementales de Derecho General y Mexicano', 0, 854),
(33, 'Geografía General de México', 0, 855),
(33, 'Introducción a la Literatura Mexicana', 0, 856),
(13, 'Historia del Arte', 2, 857),
(13, 'Geometría Descriptiva', 2, 858),
(13, 'Estática', 2, 859),
(13, 'Teoría General de Sistemas', 2, 860),
(13, 'Álgebra Lineal', 2, 861),
(13, 'Modelos', 3, 862),
(13, 'Dibujo Técnico', 3, 863),
(13, 'Dinámica', 3, 864),
(13, 'Metodología para la Ingeniería en Diseño', 3, 865),
(13, 'Ecuaciones Diferenciales', 3, 866),
(13, 'Ergonomía', 4, 867),
(13, 'Dibujo Asistido por Computadora CAD', 4, 868),
(13, 'Resistencia de Materiales', 4, 869),
(13, 'Fundamentos de Física Ondulatoria', 4, 870),
(13, 'Métodos Numéricos', 4, 871),
(13, 'Química de los Materiales', 5, 872),
(13, 'Ilustración Analógica y Digital', 5, 873),
(13, 'Sistemas Constructivos', 5, 874),
(13, 'Termodinámica', 5, 875),
(13, 'Sistemas de Impresión', 5, 876),
(13, 'Manufactura en Madera', 6, 877),
(13, 'Análisis y Diseño de Estructuras', 6, 878),
(13, 'Proyecto Arquitectónico I', 6, 879),
(13, 'Elementos de Máquinas', 6, 880),
(13, 'Estadística', 6, 881),
(13, 'Manufactura en Metales', 7, 882),
(13, 'Comunicación Visual', 7, 883),
(13, 'Proyecto Arquitectónico II', 7, 884),
(13, 'Circuitos eléctricos y electrónicos', 7, 885),
(13, 'Ingeniería y Manufactura Asistida por Computadora CAE-CAM', 7, 886),
(13, 'Manufactura de Polímeros', 8, 887),
(13, 'Editorial', 8, 888),
(13, 'Diseño Urbano y de Paisaje', 8, 889),
(13, 'Costo y Tiempo en la Edificación', 8, 890),
(13, 'Administración y Dirección', 8, 891),
(13, 'Manufactura en Cerámica y Vidrio', 9, 892),
(13, 'Identidad Corporativa', 9, 893),
(13, 'Proyecto de Ingeniería en Diseño I', 9, 894),
(13, 'Desarrollo de Producto I', 9, 895),
(13, 'Contabilidad y Finanzas', 9, 896),
(13, 'Manufactura en Textil', 10, 897),
(13, 'Multimedios Digitales', 10, 898),
(13, 'Proyecto de Ingeniería en Diseño II', 10, 899),
(13, 'Desarrollo de Producto II', 10, 900),
(13, 'Mercadotecnia', 10, 901),
(13, 'Lógica Matemática', 0, 902),
(13, 'Matemáticas', 0, 903),
(13, 'Diseño de Algoritmos', 0, 904),
(13, 'Física', 0, 905),
(31, 'Lógica Matemática', 0, 906),
(31, 'Matemáticas', 0, 907),
(31, 'Diseño de Algoritmos', 0, 908),
(31, 'Física', 0, 909),
(34, 'Programación', 0, 910),
(34, 'Matemáticas Discretas', 1, 911),
(34, 'Lenguajes de Programación', 1, 912),
(34, 'Algoritmos y Complejidad', 1, 913),
(34, 'Metodología de la Investigación', 1, 914),
(34, 'Matemáticas', 0, 915),
(34, 'Lógica', 0, 916),
(34, 'Metodología de la Investigación ', 0, 917),
(34, 'Tópicos selectos de computación', 0, 918),
(37, 'Matemáticas', 0, 919),
(37, 'Electrónica digital', 0, 920),
(37, 'Programación ', 0, 921),
(37, 'Control ', 0, 922),
(37, 'Metodología de la Investigación ', 0, 923),
(38, 'Algebra Lineal', 0, 924),
(38, 'Ecuaciones diferenciales', 0, 925),
(38, 'Programación ', 0, 927),
(38, 'Metodología de la Investigación ', 0, 928),
(38, 'Probabilidad', 0, 929),
(39, 'Termodinámica elemental', 0, 930),
(39, 'Introducción a la manufactura', 0, 931),
(39, 'Fundamentos de programación para el cómputo científico', 0, 932),
(40, 'Teoría de Diseño ', 0, 933),
(40, 'Taller de Creatividad', 0, 934),
(40, 'Técnicas de Experimentación en Medios', 0, 935),
(40, 'Introducción a la programación ', 0, 936),
(40, 'Introducción a la Tecnología de los Medios', 0, 937),
(41, 'Elementos de Física General ', 0, 938),
(41, 'Química', 0, 939),
(41, 'Elementos de Matemáticas', 0, 940),
(41, 'Introducción a la Ciencia de Materiales', 0, 941),
(42, 'Introducción a la Administración ', 0, 942),
(42, 'Introducción a las Finanzas', 0, 943),
(42, 'Introducción a la Probabilidad, estadística y el Uso de Excel', 0, 944),
(42, 'Aspectos Legales de la Administración de Negocios', 0, 945),
(42, 'Metodología de la Investigación ', 0, 946),
(43, 'Matemáticas', 0, 947),
(43, 'Bioquímica', 0, 948),
(43, 'Química de Alimentos', 0, 949),
(43, 'Química orgánica', 0, 950),
(44, 'Algebra Lineal', 0, 951),
(44, 'Análisis Matemático', 0, 952),
(44, 'Introducción a la probabilidad', 0, 953),
(44, 'Ecuaciones diferenciales', 0, 954),
(45, 'Introducción a la Manufactura del Mueble', 0, 955),
(45, 'Pensamiento creativo', 0, 956),
(45, 'Introducción al CAD, CAM, CAE', 0, 957),
(45, 'Elementos básicos de administración ', 0, 958),
(46, 'Elementos básicos de administración ', 0, 959),
(46, 'Talleres de dibujo', 0, 960),
(46, 'Pensamiento creativo', 0, 961),
(46, 'Introducción al software en diseño', 0, 962),
(46, 'Talleres de introducción a la confección de diseño de modas', 0, 963),
(46, 'Taller de accesorios', 0, 964),
(47, 'Fundamentos de matemáticas discretas', 0, 965),
(47, 'Fundamentos de la comunicación de datos', 0, 966),
(47, 'Análisis e implementación de algoritmos', 0, 967),
(47, 'Introducción a la Investigación científica y tecnológica', 0, 968),
(9, 'electromagnetismo 211a', 3, 969),
(9, 'electromagnetismo 211a', 3, 970),
(3, 'Programación', 4, 20170907182532),
(41, 'Tópicos Selectos de Matemáticas', 1, 20170907184219),
(41, 'Termo-Estadística', 1, 20170907184300),
(41, 'Interacción de la Radiación con la Materia', 1, 20170907184345),
(41, 'Física del Estado Sólido', 2, 20170907184429),
(41, 'Caracterización Estructural de los Materiales ', 2, 20170907184541),
(13, 'Programación', 1, 20170907184607),
(41, 'Propiedades Eléctricas y Ópticas de los Materiales ', 2, 20170907184613),
(41, 'Seminario de Investigación I ', 2, 20170907184633),
(41, 'Seminario de Investigación II', 3, 20170907184703),
(41, 'Síntesis de Materiales ', 3, 20170907184726),
(41, 'Seminario de Investigación III', 4, 20170907184801),
(38, 'Fundamentos matemáticos para robótica 1', 1, 20170907185147),
(41, 'Cinética de Reacciones', 3, 20170907185756),
(41, 'Estructura Electrónica de Materiales', 3, 20170907185906),
(41, 'Fotocatálisis', 3, 20170907185929),
(41, 'Óptica no lineal', 3, 20170907185954),
(41, 'Espectroscopia Raman', 3, 20170907190023),
(41, 'Luminiscencia', 3, 20170907190045),
(41, 'Reología y Reometría', 3, 20170907190109),
(41, 'Óptica de los Tejidos Biológicos', 3, 20170907190208),
(38, 'Robótica 1', 1, 20170907190405),
(38, 'Control del movimiento del robot', 1, 20170907190433),
(38, 'Seminario de sensores y adquisición de datos', 1, 20170907190459),
(38, 'Programación concurrente y en tiempo real', 1, 20170907190522),
(38, 'Fundamentos matemáticos para robótica II', 2, 20170907190559),
(38, 'Robótica II', 2, 20170907190618),
(38, 'Visión por computadora', 2, 20170907190737),
(38, 'Metodología de  Investigación ', 2, 20170907190857),
(38, 'Seminario de Tesis I', 3, 20170907190928),
(38, 'Seminario de Tesis II', 4, 20170907190950),
(38, 'Técnicas modernas de control', 2, 20170907191030),
(38, 'Interfaces hombre-robot', 2, 20170907191058),
(38, 'Modelado y programación de sistemas robóticos', 2, 20170907191125),
(38, 'Entorno Inteligente', 2, 20170907191150),
(38, 'Métodos de computación flexible', 2, 20170907191358),
(38, 'Gráficos por computadora', 2, 20170907191441),
(38, 'Desarrollo de Software Interactivo', 2, 20170907191504),
(38, 'Agentes inteligentes', 2, 20170907191523),
(38, 'Sistemas mecánicos en robótica', 2, 20170907191720),
(46, 'Antropometría y dibujo de la figura humana', 1, 20170907192041),
(46, 'Ilustración y Composición ', 1, 20170907192105),
(46, 'Mercadotecnia estratégica y distribución ', 1, 20170907192142),
(46, 'Proyecto de Tesis 1', 1, 20170907192201),
(46, 'Patronaje', 2, 20170907192224),
(46, 'Figurín ', 2, 20170907192239),
(46, 'Merchandising y comunicaciones integrales de mercadotecnia', 2, 20170907192312),
(46, 'Procesos de Manufactura', 3, 20170907192356),
(46, 'Psicología de la Imagen y Estilismo', 3, 20170907192418),
(46, 'Administración estratégica', 3, 20170907192442),
(46, 'Proyecto de Tesis III', 0, 20170907192456),
(46, 'Proyecto de Tesis III', 3, 20170907192521),
(46, 'Desarrollo de Accesorios', 4, 20170907192546),
(46, 'Taller de Alta Costura', 4, 20170907192604),
(46, 'Investigación y Análisis de Aplicaciones Regionales', 4, 20170907192631),
(46, 'Proyecto de Tesis IV', 4, 20170907192649),
(46, 'Proyecto de Tesis II', 2, 20170907192753),
(45, 'Maderas, Derivados y Fibras', 1, 20170907193003),
(45, 'Resistencia de Fibras Maderables', 1, 20170907193041),
(45, 'Ergonomía del Mobiliario y su entorno', 1, 20170907193109),
(45, 'CAD Básico', 1, 20170907193128),
(45, 'Taller de experimentación I ', 1, 20170907193150),
(45, 'Proyecto I', 1, 20170907193211),
(45, 'Procesos Constructivos', 2, 20170907193246),
(45, 'Sistemas CAD/CAM', 2, 20170907193314),
(45, 'Administración estratégica', 2, 20170907193334),
(45, 'Taller de experimentación II', 2, 20170907193359),
(45, 'Proyecto II', 2, 20170907193417),
(45, 'Diseño Sustentable', 3, 20170907193437),
(45, 'Aplicación CAE', 3, 20170907193455),
(45, 'Mercadotecnia y Comercialización ', 3, 20170907193527),
(45, 'Proyecto III', 3, 20170907193548),
(45, 'Proyecto IV', 4, 20170907193618),
(45, 'Diseño de Muebles ', 4, 20170907193641),
(45, 'Manufactura de Muebles', 4, 20170907193730),
(40, 'Diseño de Medios Impresos ', 1, 20170907193945),
(40, 'Introducción a la Tecnología de Audio y Video', 1, 20170907194033),
(40, 'Administración de Proyectos de Medios', 1, 20170907194055),
(40, 'Introducción a la Interacción Humano-Computadora', 1, 20170907194122),
(40, 'Introducción a la Metodología de la Investigación ', 1, 20170907194155),
(40, 'Creatividad con Audio y Video', 2, 20170907194228),
(40, 'Introducción al Desarrollo Técnico de Sistemas Interactivos', 2, 20170907194301),
(40, 'Mercadotecnia', 2, 20170907194328),
(40, 'Interacción Humano-Computadora I', 2, 20170907194400),
(40, 'Metodología de la Investigación ', 2, 20170907194424),
(40, 'Interacción Humano-Computadora II', 3, 20170907194453),
(40, 'Seminario de Tesis I ', 3, 20170907194526),
(40, 'Seminario de Tesis II', 4, 20170907194548),
(40, 'Diseño Interactivo', 3, 20170907194614),
(40, 'Animación ', 3, 20170907194637),
(40, 'Programación Avanzada', 3, 20170907194656),
(40, 'Procesamiento Digital de Imágenes y Sonido', 3, 20170907194723),
(40, 'Temas Selectos en Medios Interactivos', 3, 20170907194759),
(40, 'Diseño de Medios Impresos ', 4, 20170907194927),
(40, 'Animación ', 4, 20170907194946),
(40, 'Programación Avanzada', 4, 20170907195008),
(40, 'Procesamiento Digital de Imágenes y Sonido', 4, 20170907195028),
(40, 'Temas Selectos en Medios Interactivos', 4, 20170907195047),
(44, 'Análisis Matemático', 1, 20170907195157),
(44, 'Ecuaciones Diferenciales Ordinarias', 1, 20170907195224),
(44, 'Modelación Matemática I', 1, 20170907195255),
(44, 'Topología', 1, 20170907195312),
(44, 'Ecuaciones Diferenciales Parciales', 2, 20170907195343),
(44, 'Modelación Matemática II', 2, 20170907195404),
(44, 'Seminario de Tesis I ', 3, 20170907195514),
(44, 'Seminario de Tesis II', 4, 20170907195533),
(44, 'Análisis Funcional ', 2, 20170907195602),
(44, 'Teoría de control', 2, 20170907195622),
(44, 'Análisis Numérico ', 2, 20170907195656),
(44, 'Problemas Inversos y mal planteados', 2, 20170907195719),
(44, 'Programación en Python', 2, 20170907195744),
(44, 'Teoría de Regularización ', 2, 20170907195806),
(44, 'Problemas Inversos', 2, 20170907195826),
(44, 'Variable compleja', 2, 20170907195844),
(46, 'Teoría de la medida', 2, 20170907195902),
(46, 'Teoría de la aproximación ', 2, 20170907195930),
(44, 'Método de elemento finito', 2, 20170907195952),
(44, 'Ecuaciones diferenciales funcionales', 2, 20170907200019),
(44, 'Teoría de continuos', 2, 20170907200037),
(44, 'Hiperespacios de continuos', 2, 20170907200146),
(44, 'Optimización ', 2, 20170907200206),
(44, 'Teoría de la medida', 2, 20170907200417),
(44, 'Teoría de aproximación ', 2, 20170907200445),
(42, 'Administración Financiera de la Empresa', 1, 20170908084957),
(42, 'Organización y Administración de Recursos Humanos', 1, 20170908085033),
(42, 'Liderazgo y Cultura Organizacional ', 1, 20170908085137),
(42, 'Investigación de Mercados y Mercadotecnia Estratégica', 1, 20170908085209),
(42, 'Administración Estratégica de la Empresa Familiar', 2, 20170908085244),
(42, 'Administración de Empresas Manufactureras, Comerciales y de Servicios', 2, 20170908085320),
(42, 'Comercialización y Mercadotecnia Integral', 2, 20170908085353),
(42, 'Estructuración y Proyección de Negocios', 2, 20170908085654),
(42, 'Seminario de Titulación I ', 3, 20170908085739),
(42, 'Globalización, Comercio Internacional y Comercio Electrónico', 3, 20170908085817),
(42, 'Apoyos Financieros y Asesoría en las Organizaciones ', 3, 20170908085859),
(42, 'Competitividad en las Organizaciones a través del uso de las Nuevas Tecnologías', 3, 20170908085934),
(42, 'Administración del Siglo XXI: de lo Global a lo Local ', 3, 20170908090139),
(42, 'Formulación y Evaluación de Proyectos de Inversión ', 3, 20170908090357),
(42, 'Seminario de Titulación II ', 4, 20170908090425),
(42, 'Apoyos Financieros y Asesoría en las Organizaciones ', 4, 20170908090452),
(42, 'Competitividad en las Organizaciones a través del uso de las Nuevas Tecnologías', 4, 20170908090521),
(42, 'Formulación y Evaluación de Proyectos de Inversión ', 4, 20170908090544),
(42, 'Administración del Siglo XXI: de lo Global a lo Local ', 4, 20170908090608),
(34, 'Matemáticas Discretas', 1, 20170908091028),
(34, 'Lenguajes de programación ', 1, 20170908091434),
(34, 'Algoritmos y complejidad', 1, 20170908091457),
(34, 'Metodología de la Investigación ', 1, 20170908091519),
(34, 'Seminario de Tesis I', 2, 20170908091554),
(34, 'Redes neuronales ', 2, 20170908091821),
(34, 'Algoritmos Genéticos', 2, 20170908091847),
(34, 'Agentes inteligentes', 2, 20170908091909),
(34, 'Lógica difusa', 2, 20170908091936),
(34, 'Inteligencia Artificial', 2, 20170908092001),
(34, 'Reconocimiento de patrones ', 2, 20170908092037),
(34, 'Lenguajes de alto nivel ', 2, 20170908092110),
(34, 'Ingeniería de software', 2, 20170908092144),
(34, 'Especificación formal ', 2, 20170908092210),
(34, 'Diseño y gestión de sistemas de cómputo ', 2, 20170908092238),
(34, 'Ingeniería de requisitos como factor de calidad', 2, 20170908092316),
(34, 'Modelos y métodos de evaluación', 2, 20170908092408),
(34, 'Métricas ', 2, 20170908092425),
(34, 'Técnicas avanzadas de auditoria informática', 2, 20170908092504),
(34, 'Métodos formales', 2, 20170908092549),
(34, 'Programación concurrente', 2, 20170908092619),
(34, 'Seminario de Tesis II ', 3, 20170908092834),
(34, 'Redes neuronales ', 3, 20170908092856),
(34, 'Algoritmos Genéticos', 3, 20170908092917),
(34, 'Agentes inteligentes', 3, 20170908092943),
(34, 'Lógica difusa', 3, 20170908093003),
(34, 'Inteligencia Artificial', 3, 20170908093111),
(34, 'Reconocimiento de patrones ', 3, 20170908093130),
(34, 'Ingeniería de software', 3, 20170908093204),
(34, 'Especificación formal ', 3, 20170908093232),
(34, 'Diseño y gestión de sistemas de cómputo ', 3, 20170908093254),
(34, 'Ingeniería de requisitos como factor de calidad', 3, 20170908093318),
(34, 'Modelos y métodos de evaluación', 3, 20170908093348),
(34, 'Métricas ', 3, 20170908093409),
(34, 'Técnicas avanzadas de auditoria informática', 3, 20170908093439),
(34, 'Métodos formales', 3, 20170908093503),
(34, 'Programación concurrente', 3, 20170908093524),
(34, 'Lenguajes de alto nivel ', 3, 20170908093644),
(34, 'Seminario de Tesis III ', 4, 20170908093714),
(39, 'Procesos de Manufactura', 1, 20170908093818),
(39, 'Diseño, Manufactura e Ingeniería Asistida por Computadora', 1, 20170908093853),
(39, 'Ingeniería de Materiales', 1, 20170908093931),
(39, 'Administración de la Manufactura ', 1, 20170908093954),
(39, 'Diseño y Desarrollo de Productos', 2, 20170908094028),
(39, 'Tecnología de la Información en la Manufactura ', 2, 20170908094143),
(39, 'Procesos Avanzados de manufactura I', 2, 20170908094347),
(39, 'Tópicos selectos de automatización industrial ', 2, 20170908094421),
(39, 'Procesos avanzados de manufactura II', 2, 20170908094449),
(39, 'Planeación de procesos asistidos por computadora', 2, 20170908094523),
(39, 'Tópicos de Robótica', 2, 20170908094547),
(39, 'Automatización de la manufactura', 2, 20170908094611),
(39, 'Administración y dirección de proyectos de ingeniería', 2, 20170908094651),
(39, 'Simulación y optimización ', 2, 20170908094713),
(39, 'Manufactura integrada por computadora', 2, 20170908094753),
(39, 'Sistemas integrados de manufactura', 2, 20170908094836),
(39, 'Control estadístico de procesos', 2, 20170908094902),
(39, 'Sistemas flexibles de manufactura', 2, 20170908094933),
(39, 'Mantenimiento productivo total ', 2, 20170908094958),
(39, 'Ingeniería de confiabilidad', 2, 20170908095018),
(39, 'Robótica Industrial ', 2, 20170908095258),
(39, 'Proyecto de Tesis I ', 3, 20170908095440),
(39, 'Proyecto de Tesis II', 4, 20170908095512),
(43, 'Química de Productos Naturales ', 1, 20170908095646),
(43, 'Alimentos Funcionales ', 1, 20170908095713),
(43, 'Análisis Químico Cuantitativo', 1, 20170908095741),
(43, 'Laboratorio de Investigación I ', 1, 20170908095808),
(43, 'Seminario de Investigación I ', 1, 20170908095832),
(43, 'Métodos Instrumentales Modernos ', 2, 20170908095905),
(43, 'Procesado de Alimentos ', 2, 20170908100008),
(43, 'Ingeniería de Biorreacciones', 2, 20170908100035),
(43, 'Laboratorio de Investigación II ', 2, 20170908100101),
(43, 'Seminario de Investigación II ', 2, 20170908100206),
(43, 'Laboratorio de Investigación III ', 3, 20170908100240),
(43, 'Seminario de Investigación III', 3, 20170908100304),
(43, 'Laboratorio de Investigación IV', 4, 20170908100327),
(43, 'Trabajo de tesis ', 4, 20170908100346),
(37, 'Matemáticas', 1, 20170908100724),
(37, 'Lógica Reconfigurable', 1, 20170908100809),
(37, 'Microprocesadores', 1, 20170908100854),
(37, 'Control Lineal ', 1, 20170908100946),
(37, 'Seminario de Investigación ', 1, 20170908101019),
(37, 'Arquitectura de computadoras', 2, 20170908101055),
(37, 'Metodologías de Diseño', 2, 20170908101118),
(37, 'Programación de Interfaces', 2, 20170908101144),
(37, 'Procesamiento de imágenes ', 2, 20170908101215),
(37, 'Reconocimiento de patrones ', 2, 20170908101233),
(37, 'Redes Neuronales Artificiales ', 2, 20170908101302),
(37, 'Visión por computadora', 2, 20170908101329),
(37, 'Introducción al control no lineal ', 2, 20170908101351);
INSERT INTO `materias` (`idplan`, `nombre`, `semestre`, `id`) VALUES
(37, 'Electrónica de potencia', 2, 20170908101412),
(37, 'Control no-lineal ', 2, 20170908101437),
(37, 'Seminario de Tesis I ', 3, 20170908101503),
(37, 'Seminario de Tesis II ', 4, 20170908101529),
(37, 'Procesamiento de imágenes ', 3, 20170908101710),
(37, 'Reconocimiento de patrones ', 3, 20170908101730),
(37, 'Redes Neuronales Artificiales ', 3, 20170908101757),
(37, 'Visión por computadora', 3, 20170908101816),
(37, 'Introducción al control no lineal ', 3, 20170908101843),
(37, 'Electrónica de potencia', 3, 20170908101900),
(37, 'Control no-lineal ', 3, 20170908101926),
(41, 'Cinética de Reacciones', 4, 20170908102142),
(41, 'Estructura Electrónica de Materiales', 4, 20170908102210),
(41, 'Fotocatálisis', 4, 20170908102233),
(41, 'Óptica no lineal', 4, 20170908102300),
(41, 'Espectroscopia Raman', 4, 20170908102323),
(41, 'Luminiscencia', 4, 20170908102343),
(41, 'Reología y Reometría', 4, 20170908102408),
(41, 'Temas Selectos de Óptica', 4, 20170908102441),
(41, 'Óptica de los Tejidos Biológicos', 4, 20170908102513),
(41, 'Temas Selectos de Óptica', 3, 20170908102533),
(38, 'Interfaces hombre-robot', 3, 20170908103202),
(38, 'Técnicas modernas de control', 3, 20170908103454),
(38, 'Modelado y programación de sistemas robóticos', 3, 20170908103517),
(38, 'Entorno Inteligente', 3, 20170908103556),
(38, 'Aprendizaje automático', 3, 20170908103630),
(38, 'Métodos de computación flexible', 3, 20170908103652),
(38, 'Gráficos por computadora', 3, 20170908103718),
(38, 'Desarrollo de Software Interactivo', 3, 20170908103745),
(38, 'Agentes inteligentes', 3, 20170908103804),
(38, 'Sistemas mecánicos en robótica', 3, 20170908103848),
(44, 'Análisis Funcional ', 3, 20170908104313),
(44, 'Análisis Funcional ', 4, 20170908104332),
(44, 'Teoría de control', 3, 20170908104546),
(44, 'Teoría de control', 4, 20170908104633),
(44, 'Análisis Numérico ', 3, 20170908104739),
(44, 'Análisis Numérico ', 4, 20170908104804),
(44, 'Problemas Inversos y mal planteados', 3, 20170908104848),
(44, 'Problemas Inversos y mal planteados', 4, 20170908104916),
(44, 'Programación en Python', 3, 20170908104944),
(44, 'Programación en Python', 4, 20170908105002),
(44, 'Teoría de Regularización ', 3, 20170908105035),
(44, 'Teoría de Regularización ', 4, 20170908105056),
(44, 'Problemas Inversos', 3, 20170908105127),
(44, 'Problemas Inversos', 4, 20170908105149),
(44, 'Variable compleja', 3, 20170908105517),
(44, 'Variable compleja', 4, 20170908105543),
(44, 'Teoría de la medida', 3, 20170908105637),
(44, 'Teoría de la medida', 4, 20170908105714),
(44, 'Teoría de aproximación ', 3, 20170908105744),
(44, 'Teoría de aproximación ', 4, 20170908105829),
(44, 'Método de elemento finito', 3, 20170908110009),
(44, 'Ecuaciones diferenciales funcionales', 3, 20170908110059),
(44, 'Ecuaciones diferenciales funcionales', 4, 20170908110127),
(44, 'Teoría de continuos', 3, 20170908110213),
(44, 'Hiperespacios de continuos', 3, 20170908110230),
(44, 'Hiperespacios de continuos', 4, 20170908110247),
(44, 'Optimización ', 3, 20170908110309),
(44, 'Optimización ', 4, 20170908110323),
(44, 'Método de elemento finito', 4, 20170908110752),
(44, 'Hiperespacios de continuos', 4, 20170908110814),
(44, 'Teoría de continuos', 4, 20170908111017),
(46, 'Aprendizaje automático', 2, 20170908111303),
(39, 'Procesos Avanzados de manufactura I', 3, 20170908111624),
(39, 'Procesos Avanzados de manufactura I', 4, 20170908111648),
(39, 'Tópicos selectos de automatización industrial ', 3, 20170908111707),
(39, 'Tópicos selectos de automatización industrial ', 4, 20170908111729),
(39, 'Procesos avanzados de manufactura II', 3, 20170908111754),
(46, 'Procesos avanzados de manufactura II', 4, 20170908111808),
(39, 'Planeación de procesos asistidos por computadora', 3, 20170908111828),
(39, 'Procesos avanzados de manufactura II', 4, 20170908113040),
(39, 'Planeación de procesos asistidos por computadora', 4, 20170908113104),
(39, 'Tópicos de Robótica', 3, 20170908113134),
(39, 'Tópicos de Robótica', 4, 20170908113156),
(39, 'Automatización de la manufactura', 3, 20170908113225),
(39, 'Automatización de la manufactura', 4, 20170908113249),
(39, 'Administración y dirección de proyectos de ingeniería', 3, 20170908113331),
(39, 'Administración y dirección de proyectos de ingeniería', 4, 20170908113350),
(39, 'Simulación y optimización ', 3, 20170908113413),
(39, 'Simulación y optimización ', 4, 20170908113432),
(39, 'Manufactura integrada por computadora', 3, 20170908113455),
(39, 'Manufactura integrada por computadora', 4, 20170908113512),
(39, 'Robótica Industrial ', 3, 20170908113533),
(39, 'Robótica Industrial ', 4, 20170908113602),
(39, 'Sistemas integrados de manufactura', 3, 20170908113644),
(39, 'Sistemas integrados de manufactura', 4, 20170908113705),
(39, 'Control estadístico de procesos', 3, 20170908115104),
(39, 'Control estadístico de procesos', 4, 20170908115120),
(39, 'Sistemas flexibles de manufactura', 3, 20170908115149),
(39, 'Sistemas flexibles de manufactura', 4, 20170908115248),
(39, 'Mantenimiento productivo total ', 3, 20170908115649),
(39, 'Mantenimiento productivo total ', 4, 20170908115720),
(39, 'Ingeniería de confiabilidad', 3, 20170908115812),
(39, 'Ingeniería de confiabilidad', 4, 20170908115847),
(20170908121948, 'Seminario de Tesis I', 1, 20170908122115),
(20170908121948, 'Tópicos Selectos de Matemáticas', 1, 20170908123151),
(20170908121948, 'Seminario de Tesis II', 2, 20170908123521),
(20170908121948, 'Tópicos selectos de programación', 2, 20170908123641),
(20170908121948, 'Seminario de Tesis III', 3, 20170908123719),
(20170908121948, 'Seminario de Tesis IV', 4, 20170908123803),
(20170908121948, 'Seminario de Tesis V', 5, 20170908123831),
(20170908121948, 'Seminario de Tesis VI', 6, 20170908123902),
(20170908121948, 'Robótica Inteligente', 1, 20170908124010),
(20170908121948, 'Visión por computadora', 1, 20170908124029),
(20170908121948, 'Robótica Inteligente', 2, 20170908124057),
(20170908121948, 'Visión por computadora', 2, 20170908124116),
(20170908121948, 'Sistemas de diálogo multimodal ', 1, 20170908124148),
(20170908121948, 'Sistemas de diálogo multimodal ', 2, 20170908124209),
(20170908121948, 'Tópicos selectos de Mecánica', 1, 20170908124239),
(46, 'Tópicos selectos de Mecánica', 2, 20170908124309),
(20170908121948, 'Tópicos selectos de Mecánica', 2, 20170908124414),
(20170908122017, 'Tópicos Avanzados de Matemáticas', 1, 20170908124534),
(20170908122017, 'Seminario de Investigación I ', 1, 20170908124608),
(20170908122017, 'Modelado y simulación de Sistemas', 2, 20170908125107),
(20170908122017, 'Seminario de Investigación II', 2, 20170908125151),
(20170908122017, 'Seminario de Tesis I ', 3, 20170908125214),
(20170908122017, 'Seminario de Tesis II', 4, 20170908125241),
(20170908122017, 'Seminario de Investigación III', 5, 20170908125318),
(20170908122017, 'Seminario de Tesis IV', 6, 20170908125343),
(20170908122017, 'Introducción al control no lineal ', 1, 20170908163704),
(20170908122017, 'Introducción al control no lineal ', 2, 20170908163815),
(20170908122017, 'Control Lineal ', 1, 20170908163854),
(20170908122017, 'Control Lineal ', 2, 20170908163918),
(20170908165528, 'Fundamentos Matemáticos para la Robótica I ', 1, 20170908165737),
(20170908165528, 'Robótica de Manipuladores', 1, 20170908165816),
(20170908165528, 'Seminario de sensores y adquisición de datos', 1, 20170908165955),
(20170908165528, 'Programación concurrente y en tiempo real', 1, 20170908170043),
(20170908165528, 'Seminario de Tesis I: Protocolo', 1, 20170908170122),
(20170908165528, 'Robótica Móvil', 2, 20170908170425),
(20170908165528, 'Procesamiento Digital de Imágenes ', 2, 20170908170504),
(20170908165528, 'Seminario de Tesis II: Antecedentes y Marco Teórico', 2, 20170908170550),
(20170908165528, 'Seminario de Tesis III: Implementación ', 3, 20170908170628),
(20170908165528, 'Seminario de Tesis IV: Redacción de artículo y presentación de tesis', 4, 20170908170720),
(20170908165528, 'Fundamentos matemáticos para robótica II', 2, 20170908170917),
(20170908122017, 'Control no lineal ', 1, 20170908171430),
(20170908122017, 'Control no-lineal ', 2, 20170908171604),
(20170908122017, 'Control lineal y no  lineal aplicado a electrónica de potencia', 2, 20170908171706),
(20170908122017, 'Control lineal y no  lineal aplicado a electrónica de potencia', 1, 20170908171821),
(20170908122017, 'Tópicos selectos de electrónica de potencia', 1, 20170908171855),
(20170908122017, 'Tópicos selectos de electrónica de potencia', 2, 20170908172207),
(20170908122017, 'Electrónica de potencia', 1, 20170908172238),
(20170908122017, 'Electrónica de potencia', 2, 20170908172337),
(20170908122017, 'Inteligencia Artificial', 1, 20170908172415),
(20170908122017, 'Inteligencia Artificial', 2, 20170908172440),
(20170908122017, 'Procesamiento de imágenes ', 1, 20170908172500),
(20170908122017, 'Procesamiento de imágenes ', 2, 20170908172524),
(20170908122017, 'Programación de Interfaces', 1, 20170908172604),
(20170908122017, 'Programación de Interfaces', 2, 20170908172629),
(20170908122017, 'Arquitectura de computadoras', 1, 20170908172652),
(20170908122017, 'Arquitectura de computadoras', 2, 20170908172708),
(20170908122017, 'Reconocimiento de patrones ', 1, 20170908172734),
(20170908122017, 'Reconocimiento de patrones ', 2, 20170908172755),
(20170908122017, 'Visión por computadora', 1, 20170908172814),
(20170908122017, 'Visión por computadora', 2, 20170908172842),
(20170908122031, 'Seminario de Tesis e Investigación I ', 1, 20170908173331),
(20170908122031, 'Seminario de Tesis e Investigación II', 2, 20170908173401),
(20170908122031, 'Seminario de Tesis e Investigación III', 3, 20170908173434),
(20170908122031, 'Seminario de Tesis e Investigación IV', 4, 20170908173507),
(20170908122031, 'Seminario de Tesis e Investigación V', 5, 20170908173557),
(20170908122031, 'Seminario de Tesis e Investigación VI', 6, 20170908173643),
(20170908122031, 'Temas de Problemas Inversos y Mal Planteados', 1, 20170908173951),
(20170908122031, 'Temas de Problemas Inversos y Mal Planteados', 2, 20170908174028),
(20170908122031, 'Temas de Problemas Inversos y Mal Planteados', 3, 20170908174049),
(20170908122031, 'Temas de Ecuaciones Diferenciales Parciales', 1, 20170908174131),
(20170908122031, 'Temas de Ecuaciones Diferenciales Parciales', 2, 20170908174240),
(20170908122031, 'Temas de Ecuaciones Diferenciales Parciales', 3, 20170908174307),
(20170908122031, 'Espacios de Hilbert y Métodos para ecuaciones Diferenciales Parciales', 1, 20170908174722),
(20170908122031, 'Espacios de Hilbert y Métodos para ecuaciones Diferenciales Parciales', 2, 20170908174745),
(20170908122031, 'Espacios de Hilbert y Métodos para ecuaciones Diferenciales Parciales', 3, 20170908174802),
(20170908122031, 'Temas de Problemas Inversos de la Física Matemática', 1, 20170908174852),
(20170908122031, 'Temas de Problemas Inversos de la Física Matemática', 2, 20170908174916),
(20170908122031, 'Temas de Problemas Inversos de la Física Matemática', 3, 20170908174933),
(20170908122031, 'Temas de Topología ', 1, 20170908175003),
(20170908122031, 'Temas de Topología ', 2, 20170908175036),
(20170908122031, 'Temas de Topología ', 3, 20170908175100),
(20170908122031, 'Temas de Teoría de Continuos I', 1, 20170908175137),
(20170908122031, 'Temas de Teoría de Continuos I', 2, 20170908175201),
(20170908122031, 'Temas de Teoría de Continuos I', 3, 20170908175223),
(20170908122031, 'Hiperespacios de continuos', 1, 20170908175254),
(20170908122031, 'Hiperespacios de continuos', 2, 20170908175313),
(20170908122031, 'Hiperespacios de continuos', 3, 20170908175332),
(20170908122031, 'Temas de Teoría de Continuos II', 1, 20170908175410),
(20170908122031, 'Temas de Teoría de Continuos II', 2, 20170908175436),
(20170908122031, 'Temas de Teoría de Continuos II', 3, 20170908175457),
(33, 'Estadística elemental', 1, 20170908181106),
(33, 'Geografía física y recursos naturales de México', 1, 20170908181158),
(33, 'Literatura universal', 1, 20170908181229),
(33, 'Historia de México I: Mesoamérica periodo preclásico', 1, 20170908181351),
(33, 'Introducción al derecho', 1, 20170908181535),
(33, 'Fundamentos de teoría económica', 2, 20170908181631),
(33, 'Geografía económica de México', 2, 20170908181718),
(33, 'Literatura española y latinoamericana', 2, 20170908181759),
(33, 'Historia de México II: Mesoamérica periodo clásico', 2, 20170908181850),
(33, 'Derecho civil mexicano', 2, 20170908182118),
(33, 'Estructura socioeconómica de México', 3, 20170908182601),
(33, 'Geografía humana de México', 3, 20170908182629),
(33, 'Literatura mexicana', 3, 20170908182654),
(33, 'Historia de México III: Nueva España', 3, 20170908182803),
(33, 'Derecho constitucional de México', 3, 20170908182844),
(33, 'Economía política de México', 4, 20170908182921),
(33, 'Música regional mexicana', 4, 20170908182948),
(33, 'Historia de las ideas filosóficas en México', 4, 20170908183032),
(33, 'Historia de México IV: de la independencia a la revolución', 4, 20170908183126),
(33, 'Derecho penal mexicano', 4, 20170908183146),
(33, 'Medios de comunicación ', 5, 20170908183221),
(33, 'Danza regional mexicana', 5, 20170908183242),
(33, 'Historia del arte I: Mesoamérica', 5, 20170908183315),
(33, 'Historia de México V: México contemporáneo', 5, 20170908183401),
(33, 'Protección jurídica de los derechos humanos', 5, 20170908183442),
(33, 'Gobierno y política de México', 6, 20170908183511),
(33, 'Literatura indígena mexicana', 6, 20170908183536),
(33, 'Historia del arte II: Nueva España', 6, 20170908183609),
(33, 'Historia diplomática de México', 6, 20170908183643),
(33, 'Derecho internacional privado', 6, 20170908183712),
(33, 'Problemática fronteriza: México-EE.UU.', 7, 20170908183811),
(33, 'Cine mexicano', 7, 20170908183830),
(33, 'Historia del arte III: México siglos XIX y XX', 7, 20170908183909),
(33, 'Historia de américa latina', 7, 20170908183934),
(33, 'Reglamentación jurídica del comercio exterior mexicano', 7, 20170908184015),
(33, 'Cultura chicana', 8, 20170908184044),
(33, 'Artesanía mexicana', 8, 20170908184103),
(33, 'Historia de las relaciones México-EE.UU.', 8, 20170908184140),
(33, 'Historia de las relaciones México-Latinoamérica', 8, 20170908184216),
(33, 'Política exterior de México', 8, 20170908184239),
(47, 'Modelación de Sistemas Concurrentes', 1, 20170908184405),
(47, 'Sistemas de cómputo paralelos y distribuidos', 1, 20170908184454),
(47, 'Teoría de agentes distribuidos', 2, 20170908184629),
(47, 'Sistemas Operativos acoplados', 2, 20170908184704),
(47, 'Bases de datos distribuidas', 2, 20170908184735),
(47, 'Sistemas avanzados de comunicación', 3, 20170908184839),
(47, 'Seguridad en sistemas distribuidos', 3, 20170908184902),
(47, 'Sistemas colaborativos', 3, 20170908184931),
(20170911084807, 'Modelación de Sistemas Concurrentes', 1, 20170911084937),
(20170911084807, 'Fundamentos de Algoritmos Distribuidos', 1, 20170911085020),
(47, 'Programación de Aplicaciones en Redes', 1, 20170911085051),
(20170911084807, 'Sistemas de Cómputo Paralelos y Distribuidos ', 1, 20170911085127),
(20170911084807, 'Bases de Datos Distribuidos', 2, 20170911085154),
(20170911084807, 'Teoría de Agentes Distribuidos', 2, 20170911085233),
(20170911084807, 'Sistemas Operativos Acoplados', 2, 20170911085309),
(20170911084807, 'Seminario de Tesis I', 2, 20170911085355),
(20170911084807, 'Sistemas Colaborativos', 3, 20170911085431),
(20170911084807, 'Sistemas Avanzados en comunicación ', 3, 20170911085458),
(20170911084807, 'Seguridad en Sistemas Distribuidos', 3, 20170911085528),
(47, 'Seminario de Tesis II', 3, 20170911085551),
(20170911084807, 'Seminario de Tesis III ', 4, 20170911085617),
(47, 'Seminario de Tesis I ', 2, 20170911085829),
(47, 'Seminario de Tesis III ', 4, 20170911090214),
(20170911084807, 'Seminario de Tesis II', 3, 20170911090541),
(20170911084807, 'Programación de Aplicaciones en Redes', 1, 20170911090650),
(39, 'Seminario de Investigación ', 1, 20170911163348),
(42, 'Metodología de la Investigación ', 1, 20170911163415),
(12, 'Cálculo Diferencial', 1, 20170918175519),
(12, 'Introducción a la Ingeniería en Mecatrónica ', 1, 20170918175557),
(12, 'Historia del Pensamientos Filosófico', 1, 20170918175634),
(12, 'Programación Estructurada ', 1, 20170918175707),
(12, 'Estática ', 1, 20170918175728),
(12, 'Cálculo Integral ', 2, 20170918175822),
(12, 'Álgebra Lineal ', 2, 20170918175857),
(12, 'Teoría General de Sistemas ', 2, 20170918175920),
(12, 'Estructura de Datos ', 2, 20170918175946),
(12, 'Dinámica ', 2, 20170918180059),
(12, 'Ecuaciones Diferenciales ', 3, 20170918180402),
(12, 'Metrología y Transductores ', 3, 20170918180811),
(12, 'Electricidad y Magnetismo', 3, 20170918181235),
(12, 'Circuitos Eléctricos I', 3, 20170918181255),
(12, 'Programación de Sistemas ', 3, 20170918181324),
(12, 'Dibujo Asistido por Computadora', 3, 20170918181339),
(12, 'Métodos Numéricos ', 4, 20170918181711),
(12, 'Dinámica de Sistemas ', 4, 20170918181738),
(12, 'Física Ondulatoria', 4, 20170918181806),
(12, 'Ingeniería de Materiales ', 4, 20170918181830),
(12, 'Circuitos Eléctricos II', 4, 20170918181916),
(12, 'Mecanismos', 4, 20170918181932),
(12, 'Probabilidad y Estadística ', 5, 20170918182143),
(12, 'Teoría de Control', 5, 20170918182207),
(12, 'Sistemas Electromecánicos ', 5, 20170918182249),
(12, 'Resistencia de Materiales', 5, 20170918182316),
(12, 'Diseño de Circuitos Electrónicos ', 5, 20170918182423),
(12, 'Termodinámica y Transferencia de Calor ', 5, 20170918182446),
(12, 'Ingeniería de Confiabilidad', 6, 20170918183112),
(12, 'Diseño de Sistemas de Control ', 6, 20170918183144),
(12, 'Diseño de Máquinas ', 6, 20170918183210),
(12, 'Mecánica de Fluidos ', 6, 20170918183244),
(12, 'Diseño de Circuitos Electrónicos de Potencia', 6, 20170918183717),
(12, 'Circuitos Lógicos ', 6, 20170918183748),
(12, 'Ingeniería Concurrente y Desarrollo de Productos ', 7, 20170918184344),
(12, 'Procesamiento de Señales e Imágenes ', 7, 20170918184427),
(12, 'Diseño de Sistemas Mecatrónicos I', 7, 20170918184501),
(12, 'Administración', 7, 20170918184526),
(12, 'Sistema de Comunicaciones I', 7, 20170918184550),
(12, 'Sistemas Digitales ', 7, 20170918184614),
(38, 'Aprendizaje automático', 2, 20180216105136),
(2, 'Matemáticas', -1, 20180220093314),
(2, 'Lógica matemática', -1, 20180220094017),
(2, 'Diseño de algoritmos', -1, 20180220094036),
(2, 'Física', -1, 20180220094052),
(5, 'Matemáticas', 0, 20180220095425),
(5, 'Lógica matemática', -1, 20180220095443),
(5, 'Diseño de algoritmos', -1, 20180220095454),
(5, 'Física', -1, 20180220095503),
(9, 'Matemáticas', -1, 20180220101119),
(9, 'Lógica matemática', -1, 20180220101130),
(9, 'Diseño de algoritmos', -1, 20180220101139),
(9, 'Física', -1, 20180220101147),
(13, 'Matemáticas', -1, 20180220101225),
(13, 'Lógica matemática', -1, 20180220101233),
(13, 'Diseño de algoritmos', -1, 20180220101240),
(13, 'Física', -1, 20180220101248),
(11, 'Matemáticas', -1, 20180220101340),
(11, 'Lógica matemática', -1, 20180220101347),
(11, 'Diseño de algoritmos', -1, 20180220101354),
(11, 'Física', -1, 20180220101402),
(3, 'Matemáticas', -1, 20180220101446),
(3, 'Lógica matemática', -1, 20180220101452),
(3, 'Diseño de algoritmos', -1, 20180220101459),
(3, 'Física', -1, 20180220101504),
(4, 'Matemáticas', -1, 20180220101538),
(4, 'Lógica matemática', -1, 20180220101546),
(4, 'Diseño de algoritmos', -1, 20180220101554),
(4, 'Física', -1, 20180220101602),
(7, 'Matemáticas', -1, 20180220101629),
(7, 'Física', -1, 20180220101648),
(10, 'Matemáticas', -1, 20180220101719),
(10, 'Lógica matemática', -1, 20180220101726),
(10, 'Diseño de algoritmos', -1, 20180220101734),
(10, 'Física', -1, 20180220101742),
(31, 'Matemáticas', -1, 20180220101815),
(31, 'Lógica matemática', -1, 20180220101822),
(31, 'Diseño de algoritmos', -1, 20180220101828),
(31, 'Física', -1, 20180220101834),
(20180222172129, 'Química de Productos Naturales ', 1, 20180222172245),
(20180222172129, 'Alimentos Funcionales', 1, 20180222172331),
(20180222172129, 'Análisis Químico Cuantitativo', 1, 20180222172409),
(20180222172129, 'Laboratorio de Investigación 1', 1, 20180222172451),
(20180222172129, 'Seminario para Elaboración y Registro de Protocolo de Tesis ', 1, 20180222172548),
(20180222172129, 'Métodos Instrumentales Modernos', 2, 20180222172623),
(20180222172129, 'Laboratorio de Investigación II', 2, 20180222172713),
(20180222172129, 'Seminario de Proyecto de Tesis I', 2, 20180222172747),
(20180222172129, 'Elucidación Estructural', 2, 20180222172910),
(20180222172129, 'Procesado de Alimentos', 2, 20180222172947),
(20180222172129, 'Bioprocesos y Tecnología Enzimática', 2, 20180222173035),
(20180222172129, 'Quimiometría', 2, 20180222173113),
(20180222172129, 'Laboratorio de Investigación III', 3, 20180222173155),
(20180222172129, 'Seminario de Proyecto de Tesis II', 3, 20180222173231),
(20180222172129, 'Laboratorio de Investigación IV', 4, 20180222173307),
(20180222172129, 'Trabajo de Tesis ', 4, 20180222173351),
(20180618171519, 'Matemáticas para Ciencias Empresariales', 1, 20180618174314),
(20180618171519, 'Introducción a las Ciencias Administrativas', 1, 20180618174345),
(20180618171519, 'Introducción a la Contabilidad', 1, 20180618174413),
(20180618171519, 'Historia del Pensamiento Filosófico', 1, 20180618174445),
(20180618171519, 'Informática Empresarial', 1, 20180618174507),
(20180618171519, 'Probabilidad y Estadística Descriptiva', 2, 20180618174600),
(20180618171519, 'Administración de Recursos Humanos I', 2, 20180618174625),
(20180618171519, 'Contabilidad Financiera', 2, 20180618174647),
(20180618171519, 'Teoría General de Sistemas', 2, 20180618174707),
(20180618171519, 'Introducción al Derecho', 2, 20180618174727),
(20180618171519, 'Estadística inferencial', 3, 20180618174835),
(20180618171519, 'Administración de Recursos Humanos II', 3, 20180618174904),
(20180618171519, 'Administración de Compras e Inventarios', 3, 20180618174941),
(20180618171519, 'Contabilidad de Costos', 3, 20180618175831),
(20180618171519, 'Derecho Mercantil', 3, 20180618175851),
(20180618171519, 'Fundamentos de la Mercadotecnia', 4, 20180618175929),
(20180618171519, 'Matemáticas Financieras', 4, 20180618175953),
(20180618171519, 'Microeconomía', 4, 20180618180008),
(20180618171519, 'Metodología de la Investigación', 4, 20180618180027),
(20180618171519, 'Derecho Laboral', 4, 20180618180047),
(20180618171519, 'Administración de Sueldos y Salarios', 5, 20180618180241),
(20180618171519, 'Finanzas Empresariales I', 5, 20180618180259),
(20180618171519, 'Macroeconomía', 5, 20180618180315),
(20180618171519, 'Taller de Metodología de la Investigación', 5, 20180618180343),
(20180618171519, 'Derecho Fiscal', 5, 20180618180358),
(20180618171519, 'Desarrollo Sustentable y Empresa', 6, 20180618180451),
(20180618171519, 'Finanzas Empresariales II', 6, 20180618180506),
(20180618171519, 'Investigación de Mercados', 6, 20180618180539),
(20180618171519, 'Economía Internacional', 6, 20180618180558),
(20180618171519, 'Sistemas de Información Gerencial', 6, 20180618180623),
(20180618171519, 'Investigación de Operaciones', 7, 20180618180710),
(20180618171519, 'Planeación Estratégica', 7, 20180618180728),
(20180618171519, 'Administración Estratégica de Ventas', 7, 20180618180753),
(20180618171519, 'Sistema Financiero', 7, 20180618180812),
(20180618171519, 'Economía del Sector Público Mexicano', 7, 20180618180842),
(20180618171519, 'Desarrollo Organizacional', 8, 20180618180903),
(20180618171519, 'Dirección Comercial', 8, 20180618180923),
(20180618171519, 'Emprendedurismo', 8, 20180618180944),
(20180618171519, 'Presupuestos', 8, 20180618180959),
(20180618171519, 'Desarrollo Regional', 8, 20180618181031),
(20180618171519, 'Cultura Empresarial', 9, 20180618181049),
(20180618171519, 'Gestión de la Calidad', 9, 20180618181108),
(20180618171519, 'Emprendimiento de Negocios', 9, 20180618181146),
(20180618171519, 'Finanzas Corporativas', 9, 20180618181214),
(20180618171519, 'Comercio Exterior', 9, 20180618181239),
(20180618171519, 'Dirección y Liderazgo', 10, 20180618181312),
(20180618171519, 'Estrategia Publicitaria y Promocional', 10, 20180618181331),
(20180618171519, 'Desarrollo y Evaluación de Proyectos de Inversión', 10, 20180618181353),
(20180618171519, 'Toma de Decisiones Financieras', 10, 20180618181405),
(20180618171519, 'Mercadotecnia Digital', 10, 20180618181434),
(39, 'Dibujo y diseño asistido por computadora', 0, 20180619101439),
(6, 'Química General ', 0, 20180620125357),
(46, 'Seminario de Tesis', 0, 20180710120322),
(20190212093353, 'Cálculo Diferencial', 1, 20190212105418),
(20190212093353, 'Tópicos de Álgebra y Geometría Analítica', 1, 20190212110413),
(20190212093353, 'Mecánica Clásica', 1, 20190212110438),
(20190212093353, 'Diseño y Análisis de Experimentos', 1, 20190212110457),
(20190212093353, 'Historia del Pensamiento Filosófico', 1, 20190212110529),
(20190212093353, 'Cálculo Integral', 2, 20190212110553),
(20190212093353, 'Álgebra Lineal', 2, 20190212110616),
(20190212093353, 'Mecánica Vectorial para Ingenieros', 2, 20190212110644),
(20190212093353, 'Programación Estructurada', 2, 20190212110702),
(20190212093353, 'Teoría General de Sistemas', 2, 20190212110721),
(20190212093353, 'Análisis Vectorial', 3, 20190212110916),
(20190212093353, 'Ecuaciones Diferenciales Ordinarias', 3, 20190212110935),
(20190212093353, 'Química General', 3, 20190212110959),
(20190212093353, 'Electromagnetismo', 3, 20190212111039),
(20190212093353, 'Fundamentos de Electrónica', 3, 20190212111101),
(20190212093353, 'Análisis Numérico', 4, 20190212111132),
(20190212093353, 'Dibujo Asistido por Computadora', 4, 20190212111155),
(20190212093353, 'Métodos Matemáticos de la Física I', 4, 20190212111221),
(20190212093353, 'Física Ondulatoria', 4, 20190212111240),
(20190212093353, 'Instrumentación Electrónica', 4, 20190212111254),
(20190212093353, 'Mecánica Analítica', 5, 20190212111658),
(20190212093353, 'Física Moderna', 5, 20190212111712),
(20190212093353, 'Métodos Matemáticos de la Física II', 5, 20190212111736),
(20190212093353, 'Termodinámica', 5, 20190212111757),
(20190212093353, 'Procesos de Manufactura', 5, 20190212111837),
(20190212093353, 'Introducción a la Administración', 6, 20190212111917),
(20190212093353, 'Mecánica Cuántica ', 6, 20190212112309),
(20190212093353, 'Química Orgánica', 6, 20190212112328),
(20190212093353, 'Teoría Electromagnética', 6, 20190212112622),
(20190212093353, 'Probabilidad y Estadística', 6, 20190212112647),
(20190212093353, 'Formulación y Evaluación de Proyectos', 7, 20190212112824),
(20190212093353, 'Óptica Moderna', 7, 20190212113048),
(20190212093353, 'Mecánica de Fluidos', 7, 20190212113134),
(20190212093353, 'Elemento Finito', 7, 20190212113151),
(20190212093353, 'Sensores y Transductores', 7, 20190212113219),
(20190212093353, 'Gestión Empresarial', 8, 20190212113306),
(20190212093353, 'Física Estadística', 8, 20190212113337),
(20190212093353, 'Transferencia de Calor', 8, 20190212113354),
(20190212093353, 'Procesamiento de señales Discretas', 8, 20190212113437),
(20190212093353, 'Productos de Ingeniería', 8, 20190212113502),
(20190212093353, 'Sistemas Complejos (Optativa II)', 10, 20190212114246),
(20190212093353, 'Síntesis de Materiales (Optativa I)', 9, 20190212114323),
(20190212093353, 'Óptica del Ojo Humano (Optativa II)', 10, 20190212114413),
(20190212093353, 'Física del Estado Sólido', 9, 20190212114443),
(20190212093353, 'Modelación de Sistemas Dinámicos', 9, 20190212114533),
(20190212093353, 'Metodología de la Investigación', 9, 20190212114559),
(20190212093353, 'Ciencia de  Materiales', 9, 20190212115133),
(20190212093353, 'Radiación y Propagación Electromagnética (Optativa I)', 9, 20190212115233),
(20190212093353, 'Caracterización de Materiales (Optativa II)', 10, 20190212115308),
(20190212093353, 'Aplicaciones Ópticas en la Industria (Optativa I)', 9, 20190212115421),
(20190212093353, 'Nanotecnología', 10, 20190212115447),
(20190212093353, 'Tópicos de Física Computacional', 10, 20190212115514),
(20190212093353, 'Proyectos de Ingeniería Física', 10, 20190212115544),
(20190212093353, 'Energía y Medio Ambiente', 10, 20190212115559),
(20170908165528, 'Aprendizaje Automático', 2, 20190212121349),
(20170908165528, 'Desarrollo de Software Interactivo', 2, 20190212122000),
(20170908165528, 'Aprendizaje profundo', 2, 20190212122102),
(20170908165528, 'Interfaces Hombre-Robot', 2, 20190212122222),
(20170908165528, 'Tópicos Selectos de Control', 2, 20190212122257),
(20170908165528, 'Análisis y Síntesis de Mecanismos planos y Reconfigurables', 2, 20190212122357),
(20170908165528, 'Fundamentos de Biomecánica', 2, 20190212122450),
(20170908165528, 'Modelado y Optimización de Sistemas Robóticos', 2, 20190212122601),
(20170908165528, 'Robots Paralelos - Cinemática y Dinámica', 2, 20190212122653),
(20170908165528, 'Control Inteligente', 2, 20190212122729),
(20170908165528, 'Métodos de Computación Flexible', 2, 20190212122817),
(20170908165528, 'Robótica Probabilística', 2, 20190212122908),
(20170908165528, 'Entorno Inteligente', 2, 20190212122935),
(20170908165528, 'Visión por Computadora', 2, 20190212123007),
(20170908165528, 'Agentes Inteligentes', 2, 20190212123911),
(20170908165528, 'Aprendizaje Automático', 3, 20190212123947),
(20170908165528, 'Desarrollo de Software Interactivo', 3, 20190212124011),
(20170908165528, 'Aprendizaje Profundo', 3, 20190212124039),
(20170908165528, 'Agentes Inteligentes', 3, 20190212124115),
(20170908165528, 'Interfaces Hombre-Robot', 3, 20190212124213),
(20170908165528, 'Tópicos Selectos de Control', 3, 20190212124243),
(20170908165528, 'Análisis y Síntesis de Mecanismos planos y Reconfigurables', 3, 20190212124311),
(20170908165528, 'Fundamentos de Biomecánica', 3, 20190212124340),
(20170908165528, 'Modelado y Optimización de Sistemas Robóticos', 3, 20190212124433),
(20170908165528, 'Robots Paralelos - Cinemática y Dinámica', 3, 20190212124514),
(20170908165528, 'Control Inteligente', 3, 20190212125225),
(20170908165528, 'Métodos de Computación Flexible', 3, 20190212125250),
(20170908165528, 'Robótica Probabilística', 3, 20190212125314),
(38, 'Entorno Inteligente', 3, 20190212125343),
(20170908165528, 'Visión por Computadora', 3, 20190212125407),
(20170908165528, 'Entorno Inteligente', 3, 20190212125610),
(20190618093731, 'Introducción a la Administración', 0, 20190618093849),
(20190618093731, 'Introducción a la Contabilidad Financiera', 0, 20190618093926),
(20190618093731, 'Aspectos Legales de la Administración de Negocios', 0, 20190618094137),
(20190618093731, 'Introducción a la Probabilidad, Estadística y uso del Excel', 0, 20190618094216),
(20190618093731, 'Metodología de la Investigación ', 0, 20190618094316),
(20190618093731, 'Mercadotecnia', 0, 20190618094411),
(20170908165528, 'Algebra Lineal ', 0, 20190618101031),
(20170908165528, 'Ecuaciones Diferenciales ', 0, 20190618101102),
(20170908165528, 'Programación ', 0, 20190618101132),
(20170908165528, 'Control Lineal ', 0, 20190618101210),
(20170908165528, 'Metodología de la Investigación ', 0, 20190618101252),
(20170908165528, 'Probabilidad', 0, 20190618101318),
(20180618171519, 'Introducción a la Contabilidad', 0, 20190618112412),
(20180618171519, 'Bases de Administración', 0, 20190618112458),
(20170908165528, 'Control de Robots', 1, 20190819182741),
(20190618093731, 'Administración Estratégica de la Empresa Familiar ', 1, 20190819183632),
(20190618093731, 'Organización y Administración de Recursos Humanos', 1, 20190819184034),
(20190618093731, 'Liderazgo y Cultura Organizacional ', 1, 20190819184113),
(20190618093731, 'Seminario de Investigación en Ciencias Económico-Administrativas I', 1, 20190819184200),
(20190618093731, 'Entorno Económico de la Empresa', 2, 20190819184234),
(20190618093731, 'Administración Financiera de la Empresa', 2, 20190819184326),
(20190618093731, 'Ética para los Negocios y Responsabilidad Social ', 2, 20190819184502),
(20190618093731, 'Seminario de Investigación en Ciencias Económico-Administrativas II', 2, 20190819184844),
(20190618093731, 'Investigación de Mercados y Mercadotecnia Estratégica', 3, 20190819184928),
(20190618093731, 'Seminario de Investigación en Ciencias Económico-Administrativas III', 3, 20190819185004),
(20190618093731, 'Formulación y Evaluación de Proyectos de Inversión ', 3, 20190820091659),
(20190618093731, 'Administración Estratégica de la Cadena de Valor', 3, 20190820091922),
(20190618093731, 'Apoyos Financieros para el Emprendimiento', 3, 20190820092909),
(20190618093731, 'Dirección Estratégica y Competitividad', 3, 20190820092959),
(20190618093731, 'Seminario de Investigación en Ciencias Económico-Administrativas IV', 4, 20190820093125),
(20190618093731, 'Formulación y Evaluación de Proyectos de Inversión ', 4, 20190820093159),
(20190618093731, 'Administración Estratégica de la Cadena de Valor', 4, 20190820093229),
(20190618093731, 'Apoyos Financieros para el Emprendimiento', 4, 20190820093258),
(20190618093731, 'Dirección Estratégica y Competitividad', 4, 20190820093324),
(37, 'Seminario de Investigación II ', 2, 20200122184913),
(44, 'Seminario de Investigación II', 2, 20200122185041),
(20200708133111, 'Diseño de algoritmos', 0, 20200708133311),
(20200708133111, 'Matemáticas', 0, 20200708133527),
(20200708133111, 'Física', 0, 20200708133543),
(20200708133111, 'Lógica Matemática', 0, 20200708133555),
(39, 'Introducción a los procesos de manufactura', 0, 20200709114519),
(39, 'Estadística para manufactura', 0, 20200709114754),
(20200708133111, 'Cálculo diferencial e integral', 1, 20200821124436),
(20200708133111, 'Geometría descriptiva', 1, 20200821124458),
(20200708133111, 'Programación estructurada', 1, 20200821124517),
(20200708133111, 'Estática', 1, 20200821124531),
(20200708133111, 'Historia del pensamiento filosófico', 1, 20200821124607),
(32, 'Optativa I: Celdas de Combustible', 9, 20200821162228),
(20200821175514, 'Modelación Matemática', 1, 20200821180051),
(20200821175514, 'Inteligencia Artificial', 1, 20200821180135),
(20200821175514, 'Ciencia de datos', 2, 20200821180225),
(20200821175514, 'Ecuaciones diferenciales parciales', 2, 20200821180346),
(20200821175514, 'Biología matemática', 2, 20200821180425),
(20200708133111, 'Álgebra lineal', 2, 20210128102959),
(20200708133111, 'Cálculo vectorial', 2, 20210128103020),
(20200708133111, 'Dibujo asistido por computadora', 2, 20210128103046),
(20200708133111, 'Dinámica', 2, 20210128103105),
(20200708133111, 'Teoría general de sistemas', 2, 20210128103130),
(20200821175514, 'Problemas Inversos', 2, 20210128112845),
(20200821175514, 'Análisis funcional ', 2, 20210128112952),
(20200821175514, 'Espacios de Sobolev y aplicaciones', 2, 20210128113120),
(20200821175514, 'Lattices de Banach y operadores positivos', 2, 20210128113216),
(20200821175514, 'Espacios de complejidad de algoritmos', 2, 20210128113301),
(20200821175514, 'Análisis asimétrico', 2, 20210128113403),
(20170908122031, 'Introducción a la teoría de aproximación', 2, 20210128113456),
(20200821175514, 'Optimización aplicada', 2, 20210128113532),
(20200821175514, 'Modelación financiera avanzada', 2, 20210128113609),
(20200821175514, 'Procesos estocásticos avanzados', 2, 20210128113657),
(20200821175514, 'Análisis multivariado', 2, 20210128113809),
(20200821175514, 'Series de tiempo', 2, 20210128113841),
(20200821175514, 'Estadística bayesiana', 2, 20210128113926),
(20200821175514, 'Ecuaciones en diferencias', 2, 20210128114013),
(20200821175514, 'Dinámica topológica avanzada', 2, 20210128114114),
(20200821175514, 'Dinámica colectiva', 2, 20210128114212),
(20170908122031, 'Modelos matemáticos en biología mediante sistemas dinámicos discretos', 2, 20210128114353),
(20200821175514, 'Modelos matemáticos en economía y finanzas mediante sistemas dinámicos discretos', 2, 20210128114458),
(20200821175514, 'Modelos matemáticos en biología mediante sistemas dinámicos discretos', 2, 20210128114730),
(20200821175514, 'Cómputo cuántico', 3, 20210128114955),
(20200821175514, 'Seminario de Tesis I', 4, 20210128115042),
(20200821175514, 'Seminario de Tesis II ', 5, 20210128115133),
(20200821175514, 'Seminario de Tesis III', 6, 20210128115245),
(20200821175514, 'Ecuaciones diferenciales parciales', 3, 20210128115506),
(20200821175514, 'Biología matemática', 3, 20210128115616),
(20200821175514, 'Problemas Inversos', 3, 20210128115649),
(20200708133111, 'Ecuaciones diferenciales ', 3, 20210128180658),
(20200708133111, 'Química', 3, 20210128180800),
(20200708133111, 'Topografía', 3, 20210128180858),
(20200708133111, 'Estructuras Isostáticas', 3, 20210128180944),
(20200708133111, 'Resistencia de materiales I', 3, 20210128181042),
(20200708133111, 'Métodos numéricos', 4, 20210128181428),
(20200708133111, 'Geología', 4, 20210128181447),
(20200708133111, 'Geomática', 4, 20210128181514),
(20200708133111, 'Estructuras hiperestáticas', 4, 20210128182515),
(20200708133111, 'Resistencia de materiales II', 4, 20210128182546),
(20200708133111, 'Probabilidad y Estadística', 5, 20210128182636),
(20200708133111, 'Mecánica de suelos I', 5, 20210128182709),
(20200708133111, 'Vías terrestres de comunicación', 5, 20210128182757),
(20200708133111, 'Estructuras de concreto', 5, 20210128182850),
(20200708133111, 'Hidráulica', 5, 20210128183134),
(20200708133111, 'Materiales de construcción', 6, 20210128184244),
(20200708133111, 'Mecánica de suelos II', 6, 20210128184313),
(20200708133111, 'Terracerías y Pavimentos', 6, 20210128184407),
(20200708133111, 'Estructuras de acero', 6, 20210128184456),
(20200708133111, 'Hidráulica de canales', 6, 20210128184530),
(20200708133111, 'Procesos constructivos', 7, 20210128184608),
(20200708133111, 'Mecánica de rocas', 7, 20210128184634),
(20200708133111, 'Tecnología del concreto y deterioro de estructuras', 7, 20210128184721),
(20200708133111, 'Ingeniería de sismos', 7, 20210128184838),
(20200708133111, 'Hidrología', 7, 20210128184909),
(20200708133111, 'Movimiento de suelos y maquinaria', 8, 20210128184944),
(20200708133111, 'Cimentaciones', 8, 20210128185052),
(20200708133111, 'Estructuras de mampostería', 8, 20210128185143),
(20200708133111, 'Obras hidráulicas', 8, 20210128185246),
(20200708133111, 'Redes de agua potable y alcantarillado', 8, 20210128185319),
(20200708133111, 'Diseño de puentes', 9, 20210128185413),
(20200708133111, 'Costos y presupuestos', 9, 20210128185440),
(20200708133111, 'Instalaciones eléctricas', 9, 20210128185512),
(20200708133111, 'Op. Diseño avanzado de estructuras de concreto', 9, 20210128185625),
(20200708133111, 'Op. Sismología', 9, 20210128185646),
(20200708133111, 'Op. Contabilidad y Costos', 9, 20210128185752),
(20200708133111, 'Op. Licitaciones', 9, 20210128185813),
(20200708133111, 'Op. Diseño geométrico de vialidades I', 9, 20210128185912),
(20200708133111, 'Op. Transporte e ingeniería en tránsito ', 9, 20210128190045),
(20200708133111, 'Administración de la construcción', 10, 20210128190301),
(20200708133111, 'Desarrollo urbano', 10, 20210128190406),
(20200708133111, 'Ingeniería ambiental', 10, 20210128190431),
(20200708133111, 'Op. Diseño avanzado de estructuras de acero', 10, 20210128190524),
(20200708133111, 'Op. Modelación y sismicidad inducida', 10, 20210128190620),
(20200708133111, 'Op. Dirección de obra', 10, 20210128190704),
(20200708133111, 'Op. Evaluación de proyectos', 10, 20210128190805),
(20200708133111, 'Op. Diseño de mezclas asfálticas', 10, 20210128190929),
(20200708133111, 'Diseño geométrico de vialidades II', 10, 20210128190957),
(20180618171519, 'Matemáticas', 0, 20210609165809),
(20180618171519, 'Compresión lectora y escritura de textos', 0, 20210609170008),
(20210609175239, 'Algebra Lineal ', 0, 20210609175414),
(20210609175239, 'Ecuaciones Diferenciales Ordinarias ', 0, 20210609175506),
(20210609175239, 'Introducción al Análisis Matemático ', 0, 20210609175546),
(20210609175239, 'Probabilidad y Estadística ', 0, 20210609175617),
(20210609175239, 'Introducción al Cómputo Científico ', 1, 20210609180355),
(20210609175239, 'Modelación Estadística ', 1, 20210609180420),
(20210609175239, 'Técnicas de Modelación Matemática ', 1, 20210609180456),
(20210609175239, 'Construcción de Modelos Matemáticos', 2, 20210609180616),
(20210609175239, 'Seminario de Tesis I', 3, 20210609181109),
(20210609175239, 'Seminario de Tesis II', 4, 20210609181144),
(20210609175239, 'Ecuaciones Diferenciales Ordinarias', 2, 20210609181851),
(20210609175239, 'Ecuaciones Diferenciales Parciales', 2, 20210609181948),
(20210609175239, 'Temas Selectos de Cómputo Científico 1', 2, 20210609182242),
(20210609175239, 'Análisis Matemático', 2, 20210609182813),
(20210609175239, 'Biología Matemática ', 2, 20210609182859),
(20210609175239, 'Problemas Inversos ', 2, 20210609182927),
(20210609175239, 'Análisis Funcional', 2, 20210609183311),
(20210609175239, 'Análisis Asimétrico', 2, 20210609183533),
(20210609175239, 'Introducción a la Teoría de Aproximación', 2, 20210609183622),
(20210609175239, 'Introducción a la Teoría de Optimización ', 2, 20210609183705),
(20210609175239, 'Optimización Aplicada', 2, 20210609183727),
(20210609175239, 'Temas Selectos de Teoría de Aproximación ', 2, 20210609183805),
(20210609175239, 'Investigación de Operaciones', 2, 20210609183834),
(20210609175239, 'Métodos Computacionales en Estadística', 2, 20210609183909),
(20210609175239, 'Modelos Lineales ', 2, 20210609183937),
(20210609175239, 'Teoría de Inversiones', 2, 20210609184054),
(20210609175239, 'Modelación Financiera I', 2, 20210609184121),
(20210609175239, 'Procesos Estocásticos', 2, 20210609184151),
(20210609175239, 'Series de Tiempo', 2, 20210609184216),
(20210609175239, 'Estadística Bayesiana', 2, 20210609184247),
(20210609175239, 'Análisis Multivariado', 2, 20210609184434),
(20210609175239, 'Modelación Financiera II', 2, 20210609184459),
(20210609175239, 'Sistemas Dinámicos discretos', 2, 20210609184843),
(20210609175239, 'Ecuaciones en Diferencias I', 2, 20210609184919),
(20210609175239, 'Dinámica Topológica', 2, 20210609184951),
(20210609175239, 'Modelos Matemáticos en biología mediante sistemas dinámicos discretos', 2, 20210609185054),
(20210609175239, 'Dinámica colectiva', 2, 20210609185115),
(20210609175239, 'Ecuaciones en Diferencias II', 2, 20210609185142),
(20210609175239, 'Modelos Matemáticos en economía y finanzas mediante sistemas dinámicos discretos', 2, 20210609185250),
(20180222172129, 'Matemáticas', 0, 20210610161107),
(20180222172129, 'Bioquímica', 0, 20210610161130),
(20180222172129, 'Química de alimentos', 0, 20210610161157),
(20180222172129, 'Química orgánica', 0, 20210610161226),
(20210610161919, 'Introducción a la Ciencia de Materiales ', 0, 20210610162035),
(20210610161919, 'Química', 0, 20210610162056),
(20210610161919, 'Elementos de Matemáticas', 0, 20210610162133),
(20210610161919, 'Elementos de Física General', 0, 20210610162155),
(20200821175514, 'Analisis Funcional', 3, 20210610162819),
(20200821175514, 'Espacios de Sobolev y aplicaciones', 3, 20210610162900),
(20200821175514, 'Lattices de Banachy operadores positivos', 3, 20210610163501),
(20200821175514, 'Espacios de complejidad de algoritmos', 3, 20210610163554),
(20200821175514, 'Análisis Asimétrico', 3, 20210610163639),
(20200821175514, 'Introducción a la Teoría de Aproximación', 3, 20210610163912),
(20200821175514, 'Optimización Aplicada', 3, 20210610163944),
(20200821175514, 'Modelación Financiera Avanzada', 3, 20210610164018),
(20200821175514, 'Procesos Estocásticos Avanzado', 3, 20210610165437),
(20200821175514, 'Análisis Multivariado', 3, 20210610170018),
(20200821175514, 'Series de Tiempo', 3, 20210610170037),
(20200821175514, 'Estadística Bayesiana', 3, 20210610170104),
(20200821175514, 'Ecuaciones en Diferencias', 3, 20210610170348),
(20200821175514, 'Dinámica Topológica Avanzada', 3, 20210610170540),
(20200821175514, 'Dinámica colectiva', 3, 20210610170608),
(20200821175514, 'Modelos Matemáticos en biología mediante sistemas dinámicos discretos', 3, 20210610170640),
(20200821175514, 'Modelos Matemáticos en economía y finanzas mediante sistemas dinámicos discretos', 3, 20210610170717),
(20200821175514, 'Ecuaciones Diferenciales Parciales', 4, 20210610170741),
(20200821175514, 'Biología Matemática', 4, 20210610170805),
(20200821175514, 'Problemas Inversos', 4, 20210610170825),
(20200821175514, 'Análisis Funcional', 4, 20210610170852),
(20200821175514, 'Espacios de Sobolev y aplicaciones', 4, 20210610170917),
(20200821175514, 'Lattices de Banachy operadores positivos', 4, 20210610170945),
(20200821175514, 'Espacios de complejidad de algoritmos', 4, 20210610171022),
(20200821175514, 'Análisis Asimétrico', 4, 20210610171042),
(20200821175514, 'Introducción a la Teoría de Aproximación', 4, 20210610171103),
(20200821175514, 'Optimización Aplicada', 4, 20210610171124),
(20200821175514, 'Modelación Financiera Avanzada', 4, 20210610171156),
(20200821175514, 'Procesos Estocásticos Avanzado', 4, 20210610171227),
(20200821175514, 'Análisis Multivariado', 4, 20210610171319),
(20200821175514, 'Series de Tiempo', 4, 20210610171346),
(20200821175514, 'Estadística Bayesiana', 4, 20210610171407),
(20200821175514, 'Ecuaciones en Diferencias', 4, 20210610171451),
(20200821175514, 'Dinámica Topológica Avanzada', 4, 20210610171514),
(20200821175514, 'Dinámica colectiva', 4, 20210610171534),
(20200821175514, 'Modelos Matemáticos en biología mediante sistemas dinámicos discretos', 4, 20210610171609),
(20200821175514, 'Introducción a la Teoría de Aproximación', 2, 20210610171927),
(20200821175514, 'Modelos Matemáticos en economía y finanzas mediante sistemas dinámicos discretos', 4, 20210610174007),
(20210609175239, 'Ecuaciones Diferenciales Ordinarias', 3, 20210610175527),
(20210609175239, 'Ecuaciones Diferenciales Parciales', 3, 20210610175549),
(20210609175239, 'Temas Selectos de Cómputo Científico 1', 3, 20210610175612),
(20210609175239, 'Análisis Matemático', 3, 20210610175634),
(20210609175239, 'Biología Matemática', 3, 20210610175653),
(20210609175239, 'Problemas Inversos', 3, 20210610175713),
(20210609175239, 'Análisis Funcional', 3, 20210610180156),
(20210609175239, 'Análisis Asimétrico', 3, 20210610180237),
(20210609175239, 'Introducción a la Teoría de Aproximación', 3, 20210610180359),
(20210609175239, 'Introducción a la Teoría de Optimización', 3, 20210610180554),
(20210609175239, 'Optimización Aplicada', 3, 20210610180618),
(20210609175239, 'Temas Selectos de Teoría de Aproximación', 3, 20210610180647),
(20210609175239, 'Investigación de Operaciones', 3, 20210610180800),
(20210609175239, 'Métodos Computacionales en Estadística', 3, 20210610180828),
(20210609175239, 'Modelos Lineales', 3, 20210610180851),
(20210609175239, 'Teoría de Inversiones', 3, 20210610180909),
(20210609175239, 'Modelación Financiera I', 3, 20210610180938),
(20210609175239, 'Procesos Estocásticos', 3, 20210610181005),
(20210609175239, 'Series de Tiempo', 3, 20210610181023),
(20210609175239, 'Estadística Bayesiana', 3, 20210610181049),
(20210609175239, 'Análisis Multivariado', 3, 20210610181121),
(20210609175239, 'Modelación Financiera II', 3, 20210610181156),
(20210609175239, 'Sistemas Dinámicos discretos', 3, 20210610181219),
(20210609175239, 'Ecuaciones en Diferencias I', 3, 20210610181252),
(20210609175239, 'Dinámica Topológica', 3, 20210610181314),
(20210609175239, 'Modelos Matemáticos en biología mediante sistemas dinámicos discretos', 3, 20210610181336),
(20210609175239, 'Dinámica colectiva', 3, 20210610181356),
(20210609175239, 'Ecuaciones en Diferencias II', 3, 20210610181419),
(20210609175239, 'Modelos Matemáticos en economía y finanzas mediante sistemas dinámicos discretos', 3, 20210610181440),
(20210609175239, 'Ecuaciones Diferenciales Ordinarias', 4, 20210610181707),
(20210609175239, 'Ecuaciones Diferenciales Parciales', 4, 20210610181727),
(20210609175239, 'Temas Selectos de Cómputo Científico 1', 4, 20210610181754),
(20210609175239, 'Análisis Matemático', 4, 20210610181819),
(20210609175239, 'Biología Matemática', 4, 20210610181851),
(20210609175239, 'Problemas Inversos', 4, 20210610181920),
(20210609175239, 'Analisis Funcional', 4, 20210610181944),
(20210609175239, 'Análisis Asimétrico', 4, 20210610182000),
(20210609175239, 'Introducción a la Teoría de Aproximación', 4, 20210610182020),
(20210609175239, 'Introducción a la Teoría de Optimización', 4, 20210610182035),
(20210609175239, 'Optimización Aplicada', 4, 20210610182058),
(20210609175239, 'Temas Selectos de Teoría de Aproximación', 4, 20210610182122),
(20210609175239, 'Investigación de Operaciones', 4, 20210610182141),
(20210609175239, 'Métodos Computacionales en Estadística', 4, 20210610182222),
(20210609175239, 'Modelos Lineales', 4, 20210610182352),
(20210609175239, 'Teoría de Inversiones', 4, 20210610182413),
(20210609175239, 'Modelación Financiera I', 4, 20210610182435),
(20210609175239, 'Procesos Estocásticos', 4, 20210610182454),
(20210609175239, 'Series de Tiempo', 4, 20210610182522),
(20210609175239, 'Estadística Bayesiana', 4, 20210610182604),
(20210609175239, 'Análisis Multivariado', 4, 20210610182622),
(20210609175239, 'Modelación Financiera II', 4, 20210610182638),
(20210609175239, 'Sistemas Dinámicos discretos', 4, 20210610182654),
(20210609175239, 'Ecuaciones en Diferencias I', 4, 20210610182717),
(20210609175239, 'Modelos Matemáticos en biología mediante sistemas dinámicos discretos', 4, 20210610182811),
(20210609175239, 'Dinámica colectiva', 4, 20210610182831),
(20210609175239, 'Ecuaciones en Diferencias II', 4, 20210610182852),
(20210609175239, 'Modelos Matemáticos en economía y finanzas mediante sistemas dinámicos discretos', 4, 20210610182915),
(20210609175239, 'Dinámica Topológica', 4, 20210610183215),
(20210610161919, 'Síntesis de Materiales', 1, 20210611121932),
(20210610161919, 'Tópicos Selectos de Matemáticas', 1, 20210611122225),
(20210610161919, 'Química de Materiales', 1, 20210611122303),
(20210610161919, 'Seminario de Tesis I', 1, 20210611122324),
(20210610161919, 'Física del Estado Sólido', 2, 20210611122412),
(20210610161919, 'Físicoquimica de los Materiales ', 2, 20210611122437),
(20210610161919, 'Seminario de Tesis II', 2, 20210611122506),
(20210610161919, 'Técnicas de Caracterización de Materiales', 3, 20210611122545),
(20210610161919, 'Seminario de Tesis III', 3, 20210611122612),
(20210610161919, 'Seminario de Tesis IV', 4, 20210611122646),
(20210610161919, 'Cinética de Reacciones Químicas', 2, 20210611122732),
(20210610161919, 'Luminiscencia en Materiales Sólidos', 2, 20210611122803),
(20210610161919, 'Interacción de la Luz con la Materia', 2, 20210611122830),
(20210610161919, 'Introducción a la Superconductividad', 2, 20210611122905),
(20210610161919, 'Sistemas dispersos en Ciencia de Materiales', 2, 20210611122934),
(20210610161919, 'Polímeros', 2, 20210611122953),
(20210610161919, 'Caracterización Óptica de Películas Delgadas', 2, 20210611123032),
(20210610161919, 'Cerámica Electrónica', 2, 20210611123206),
(20210610161919, 'Semiconductores y Dieléctricos', 2, 20210611123328),
(20210610161919, 'Espectroscopia Vibracional ', 2, 20210611123351),
(20210610161919, 'Polimeros Supramoleculares en Solución', 2, 20210611123428),
(20210610161919, 'Propiedades Magnéticas de Materiales', 2, 20210611123509),
(20210610161919, 'Cinética de Reacciones Químicas', 3, 20210611123741),
(20210610161919, 'Luminiscencia en Materiales Sólidos', 3, 20210611123801),
(20210610161919, 'Interacción de la Luz con la Materia', 3, 20210611123826),
(20210610161919, 'Introducción a la Superconductividad', 3, 20210611123905);
INSERT INTO `materias` (`idplan`, `nombre`, `semestre`, `id`) VALUES
(20210610161919, 'Sistemas dispersos en Ciencia de Materiales', 3, 20210611124056),
(20210610161919, 'Polímeros', 3, 20210611124116),
(20210610161919, 'Caracterización Óptica de Películas Delgadas', 3, 20210611124208),
(20210610161919, 'Cerámica Electrónica', 3, 20210611124228),
(20210610161919, 'Semiconductores y Dieléctricos', 3, 20210611124247),
(20210610161919, 'Espectroscopia Vibracional', 3, 20210611124313),
(20210610161919, 'Polimeros Supramoleculares en Solución', 3, 20210611124335),
(20210610161919, 'Propiedades Magnéticas de Materiales', 3, 20210611124355),
(31, 'Optativa I: Automatización Industrial', 9, 20210816103140),
(31, 'Optativa II: Líneas de Ensamblaje Automotriz', 10, 20210816103238),
(31, 'Optativa III: Control y Sistemas de Calidad', 10, 20210816103337),
(20210816105505, 'Ingeniería de sofware', 1, 20210816105626),
(20210816105505, 'Inteligencia Artificial ', 1, 20210816105655),
(20210816105505, 'Programación orientada a objetos', 1, 20210816105729),
(20210816105505, 'Seminario de tesis I', 1, 20210816105810),
(20210816105505, 'Algoritmos y complejidad', 2, 20210816105836),
(20210816105505, 'Gestión de Proyectos', 2, 20210816105907),
(20210816105505, 'Seminario de tesis II', 2, 20210816105940),
(20210816105505, 'Ciencia de datos', 3, 20210816110010),
(20210816105505, 'Seminario de tesis III', 3, 20210816110036),
(20210816105505, 'Seminario de tesis IV', 4, 20210816110117),
(20210816105505, 'Aprendizaje profundo', 2, 20210816110513),
(20210816105505, 'Computación flexible', 2, 20210816110538),
(20210816105505, 'Cómputo paralelo y distribuido', 2, 20210816110624),
(20210816105505, 'Internet de las Cosas', 2, 20210816110657),
(20210816105505, 'Procesamiento de lenguaje natural ', 2, 20210816110727),
(20210816105505, 'Procesamiento de señales', 2, 20210816110753),
(20210816105505, 'Reconocimiento de patrones', 2, 20210816110816),
(20210816105505, 'Redes neuronales', 2, 20210816110843),
(20210816105505, 'Visión computacional', 2, 20210816110919),
(20210816105505, 'Diseño, modelado y arquitectura del software', 2, 20210816111000),
(20210816105505, 'Especificación formal', 2, 20210816111027),
(20210816105505, 'ingeniería de requisitos', 2, 20210816111059),
(20210816105505, 'Mejora de los procesos', 2, 20210816111140),
(20210816105505, 'Métricas del software', 2, 20210816111211),
(20210816105505, 'Tópicos selectos de calidad en los requisitos', 2, 20210816111249),
(20210816105505, 'Aprendizaje profundo', 3, 20210816111519),
(20210816105505, 'Computación flexible', 3, 20210816111540),
(20210816105505, 'Cómputo paralelo y distribuido', 3, 20210816111638),
(20210816105505, 'Internet de las Cosas', 3, 20210816111705),
(20210816105505, 'Procesamiento de lenguaje natural', 3, 20210816111728),
(20210816105505, 'Procesamiento de señales', 3, 20210816111759),
(20210816105505, 'Reconocimiento de patrones', 3, 20210816111820),
(20210816105505, 'Redes neuronales', 3, 20210816111841),
(20210816105505, 'Visión computacional', 3, 20210816111857),
(20210816105505, 'Diseño, modelado y arquitectura del software', 3, 20210816111919),
(20210816105505, 'Especificación formal', 3, 20210816111937),
(20210816105505, 'ingeniería de requisitos', 3, 20210816112004),
(34, 'Mejora de los procesos', 3, 20210816112023),
(20210816105505, 'Métricas del software', 3, 20210816112043),
(20210816105505, 'Tópicos selectos de calidad en los requisitos', 3, 20210816112101),
(20210816105505, 'Mejora de los procesos', 3, 20210816112228),
(20210816105505, 'Lógica ', 0, 20210816112322),
(20210816105505, 'Matemáticas ', 0, 20210816112339),
(20210816105505, 'Metodología de la Investigación', 0, 20210816112531),
(20210816105505, 'Programación ', 0, 20210816112549),
(20210816105505, 'Tópicos Selectos ', 0, 20210816112610),
(20220113100050, 'Matemáticas Básicas', 1, 20220113100427),
(20220113100050, 'Geometría Euclidiana', 1, 20220113100501),
(20220113100050, 'Fundamentos de Programación Estructurada', 1, 20220113100530),
(20220113100050, 'Historia del Pensamiento Filosófico', 1, 20220113100605),
(20220113100050, 'Álgebra Superior', 2, 20220113100627),
(20220113100050, 'Cálculo Diferencial', 2, 20220113100659),
(20220113100050, 'Geometría Analítica', 2, 20220113100725),
(20220113100050, 'Elementos de Estructura de Datos', 2, 20220113100752),
(20220113100050, 'Teoría General de Sistemas', 2, 20220113100821),
(20220113165017, 'Cálculo Diferencial', 1, 20220113165259),
(20220113165017, 'Mecánica Clásica', 1, 20220113165316),
(20220113165017, 'Dibujo Industrial', 1, 20220113165332),
(20220113165017, 'Historia del Pensamiento Filosófico', 1, 20220113165356),
(20220113165017, 'Introducción a la Ingeniería Industrial', 1, 20220113165423),
(20220113165017, 'Cálculo Integral', 2, 20220113165450),
(20220113165017, 'Álgebra Lineal', 2, 20220113165506),
(20220113165017, 'Electricidad Industrial', 2, 20220113165546),
(20220113165017, 'Teoría General de Sistemas', 2, 20220113165608),
(20220113165017, 'Ecuaciones Diferenciales', 3, 20220113165651),
(20220113165017, 'Química General', 3, 20220113165707),
(20220113165017, 'Electrónica Analógica', 3, 20220113165731),
(20220113165017, 'Fundamentos de Programación para Ingeniería', 3, 20220113165758),
(20220113165017, 'Comunicación Efectiva', 3, 20220113165812),
(20220113165017, 'Métodos Numéricos', 4, 20220113165833),
(20220113165017, 'Relaciones Industriales', 2, 20220113165946),
(20220113165017, 'Fundamentos de Probabilidad', 4, 20220113170039),
(20220113165017, 'Ciencia de Materiales', 4, 20220113170057),
(20220113165017, 'Derecho Laboral y Propiedad Industrial', 4, 20220113170120),
(20220113165017, 'Termodinámica', 4, 20220113170135),
(20220113165017, 'Estudio del Trabajo y Productividad', 5, 20220113170156),
(20220113165017, 'Estadística Aplicada', 5, 20220113170211),
(20220113165017, 'Tecnología de Materiales', 5, 20220113170232),
(20220113165017, 'Metrología y Normalización', 5, 20220113170252),
(20220113165017, 'Mecánica de Fluidos', 5, 20220113170311),
(20220113165017, 'Ergonomía', 6, 20220113170432),
(20220113165017, 'Control Estadístico de Calidad', 6, 20220113170453),
(20220113165017, 'Mercadotecnia', 6, 20220113170519),
(20220113165017, 'Procesos de Manufactura I', 6, 20220113170553),
(20220113165017, 'Maquinaria y Equipo Industrial', 6, 20220113170616),
(20220113165017, 'Gestión Ambiental', 7, 20220113170647),
(20220113165017, 'Planeación Organizacional', 7, 20220113170709),
(20220113165017, 'Administración de Recursos Materiales', 7, 20220113170738),
(20220113165017, 'Procesos de Manufactura II', 7, 20220113170812),
(20220113165017, 'Contabilidad y Costos', 7, 20220113170825),
(20220113165017, 'Higiene y Seguridad Industrial', 8, 20220113170918),
(20220113165017, 'Logística y Cadena de Suministros', 8, 20220113170947),
(20220113165017, 'Planeación y Control de la Producción', 8, 20220113171009),
(20220113165017, 'Sistemas de Manufactura', 8, 20220113171021),
(20220113165017, 'Ingeniería Económica', 8, 20220113171042),
(20220113165017, 'Planeación de Instalaciones', 9, 20220113171309),
(20220113165017, 'Investigación Operativa', 9, 20220113171326),
(20220113165017, 'Gestión de Sistemas de Calidad', 9, 20220113171340),
(20220113165017, 'Seminario de Tesis', 9, 20220113171351),
(20220113165017, 'Optativa I (Manufactura): Manufactura Asistida por Computadora', 9, 20220113171703),
(20220113165017, 'Optativa I (Gestión Administrativa): Dirección General', 9, 20220113171759),
(20220113165017, 'Automatización para Ingeniería Industrial', 10, 20220113171841),
(20220113165017, 'Mantenimiento Industrial', 10, 20220113171854),
(20220113165017, 'Formulación y Evaluación de Proyectos', 10, 20220113171915),
(20220113165017, 'Optativa II (Manufactura): Proyecto de Manufactura', 10, 20220113171951),
(20220113165017, 'Optativa II (Gestión Administrativa): Gestión Industrial', 10, 20220113172019),
(20220113165017, 'Optativa III (Manufactura): Simulación Industrial', 10, 20220113172046),
(20220113165017, 'Optativa III (Gestión Administrativa): Comercio Exterior y Logística Internacional', 10, 20220113172121),
(20220113165017, 'Matemáticas', 0, 20220113172145),
(20220113165017, 'Física', 0, 20220113172157),
(20220113165017, 'Lógica Matemática', 0, 20220113172208),
(20220113165017, 'Diseño de Algoritmos', 0, 20220113172218),
(20220113100050, 'Álgebra lineal I', 3, 20220113183701),
(20220113100050, 'Cálculo Integral', 3, 20220113183731),
(20220113100050, 'Herramientas Computacionales', 3, 20220113183803),
(20220113100050, 'Matemáticas Discretas', 3, 20220113183832),
(20220113100050, 'Mecánica', 3, 20220113183851),
(20220113100050, 'Álgebra Lineal II', 4, 20220113184000),
(20220113100050, 'Cálculo Diferencial en Varias Variables', 4, 20220113184030),
(20220113100050, 'Ecuaciones Diferenciales Ordinarias', 4, 20220113184055),
(20220113100050, 'Análisis Numérico I', 4, 20220113184205),
(20220113100050, 'Análisis de Algoritmos', 4, 20220113184225),
(20220113100050, 'Álgebra Moderna I', 5, 20220113184608),
(20220113100050, 'Cálculo Integral en Varias Variables', 5, 20220113184736),
(20220113100050, 'Lógica Matemática', 5, 20220113184756),
(20220113100050, 'Análisis Numérico II', 5, 20220113184816),
(20220113100050, 'Probabilidad', 5, 20220113184833),
(20220113100050, 'Álgebra Moderna II', 6, 20220114104531),
(20220113100050, 'Análisis Matemático I', 6, 20220114104555),
(20220113100050, 'Ecuaciones Diferenciales Parciales', 6, 20220114104615),
(20220113100050, 'Procesos Estocásticos', 6, 20220114104636),
(20220113100050, 'Teoría de Optimización', 7, 20220114104741),
(20220113100050, 'Análisis Matemático II', 7, 20220114104801),
(20220113100050, 'Topología General', 7, 20220114104816),
(20220113100050, 'Inteligencia Artificial', 7, 20220114104834),
(20220113100050, 'Estadística', 7, 20220114104850),
(20220113100050, 'Teoría de la Medida', 8, 20220114104942),
(20220113100050, 'Sistemas Dinámicos Continuos', 8, 20220114105010),
(20220113100050, 'Introducción a la Ciencia de Datos', 8, 20220114105056),
(20220113100050, 'Temas de Estadística Aplicada', 8, 20220114105122),
(20220113100050, 'Optativa I Dinámica de Poblaciones', 8, 20220114105726),
(20220113100050, 'Optativa I Redes Neuronales Artificiales', 8, 20220114105828),
(20220113100050, 'Optativa I  Introducción a los Sistemas Dinámicos Discretos', 8, 20220114105905),
(20220113100050, 'Optativa I Simulación Estadística con R', 8, 20220114105938),
(20220113100050, 'Optativa I  Teoría de Inversiones', 8, 20220114110001),
(20220113100050, 'Optativa I Investigación de Operaciones', 8, 20220114111201),
(20220113100050, 'Análisis de  Fourier', 9, 20220117174922),
(20220113100050, 'Variable Compleja', 9, 20220117175126),
(20220113100050, 'Modelación Matemática', 9, 20220117175159),
(20220113100050, 'Metodología de la Investigación', 9, 20220117175221),
(20220113100050, 'Optativa II  Estimación de Parámetros', 9, 20220117175300),
(20220113100050, 'Optativa II  Introducción a la Teoría de Aproximación', 9, 20220117175339),
(20220113100050, 'Optativa II  Minería de Datos Estáticos', 9, 20220117175414),
(20220113100050, 'Optativa II  Geometría Computacional', 9, 20220117175444),
(20220113100050, 'Optativa II  Series de Tiempo', 9, 20220117175515),
(20220113100050, 'Optativa II  Modelación Financiera I', 9, 20220117175607),
(20220113100050, 'Análisis Funcional', 10, 20220117175748),
(20220113100050, 'Economía Matemática', 10, 20220117175809),
(20220113100050, 'Seminario de Tesis ', 10, 20220117175825),
(20220113100050, 'Optativa III Temas Selectos de Biología Matemática', 10, 20220117175858),
(20220113100050, 'Optativa III  Métodos de Optimización no Lineal', 10, 20220117175924),
(20220113100050, 'Optativa III  Datos Masivos', 10, 20220117175948),
(20220113100050, 'Optativa III  Análisis Topológico de Datos', 10, 20220117180019),
(20220113100050, 'Optativa III  Teoría de Muestreo', 10, 20220117180046),
(20220113100050, 'Optativa III   Modelación Financiera II', 10, 20220117180119),
(20220113100050, 'Lógica Matemática', 0, 20220608184542),
(20220113100050, 'Matemáticas', 0, 20220608184605),
(20220113100050, 'Física', 0, 20220608184624),
(20220113100050, 'Diseño de Algoritmos', 0, 20220608184700),
(20220609092834, 'Programación Básica', 0, 20220609093040),
(20220609092834, 'Matemáticas', 0, 20220609093103),
(20220609092834, 'Lógica', 0, 20220609093120),
(20220609092834, 'Metodologías de la Investigación ', 0, 20220609093158),
(20220609092834, 'Procesamiento de señales', 0, 20220609093220),
(20190212093353, 'Física', 0, 20220609093630),
(20190212093353, 'Lógica Matemática', 0, 20220609093736),
(20190212093353, 'Diseño de Algoritmos', 0, 20220609093934),
(20190212093353, 'Matemáticas', 0, 20220609094008),
(20190212093353, 'Lógica Matemática', -1, 20220609094104),
(20190212093353, 'Física', -1, 20220609094124),
(20190212093353, 'Diseño de Algoritmos', -1, 20220609094152),
(20190212093353, 'Matemáticas', -1, 20220609094203),
(20220113100050, 'Matemáticas', -1, 20220609094547),
(20220113100050, 'Lógica Matemática', -1, 20220609094615),
(20220113100050, 'Diseño de Algoritmos', -1, 20220609094631),
(20220113100050, 'Física', -1, 20220609094641),
(20170911084807, 'Fundamentos de Matemáticas Discretas', 0, 20220609095605),
(20170911084807, 'Fundamentos de la comunicación de datos', 0, 20220609095636),
(20170911084807, 'Análisis e implementación de algoritmos', 0, 20220609095705),
(20170911084807, 'Introducción a la investigación científica y tecnológica', 0, 20220609095740),
(20220609092834, 'Seminario de Tesis I ', 1, 20220609105759),
(20220609092834, 'Inteligencia Artificial ', 1, 20220609105828),
(20220609092834, 'Aprendizaje Máquina ', 1, 20220609105922),
(20220609092834, 'Programación Lógica y Funcional ', 1, 20220609105953),
(20220609092834, 'Seminario de Tesis II ', 2, 20220609110039),
(20220609092834, 'Conocimiento y Razonamiento ', 2, 20220609110101),
(20220609092834, 'Aprendizaje profundo ', 2, 20220609110133),
(20220609092834, 'Procesamiento de imágenes', 2, 20220609110447),
(20220609092834, 'Lingüistica computacional', 2, 20220609110540),
(20220609092834, 'Razonamiento Automático ', 2, 20220609110748),
(20220609092834, 'Cómputo Científico en Problemas Geoespaciales', 2, 20220609110838),
(20220609092834, 'Procesamiento Automático en problemas geoespaciales', 2, 20220609111027),
(20220609092834, 'Seminario de Tesis III', 3, 20220609111226),
(20220609092834, 'Análisis de datos ', 3, 20220609111248),
(45, 'Taller de Muebles', 0, 20220609113652),
(20220609092834, 'Procesamiento de Imágenes con redes neuronales', 3, 20220609115803),
(20220609092834, 'Vision computacional', 3, 20220609115908),
(20220609092834, 'Procesamiento de Lenguaje natural', 3, 20220609120205),
(20220609092834, 'Razonamiento no clásico', 3, 20220609120253),
(20220609092834, 'Visualización de datos aplicada a aprendizaje automático', 3, 20220609120412),
(20220609092834, 'Seminario de Tesis IV', 4, 20220609120447),
(20220609092834, 'Algoritmos y complejidad ', 4, 20220609120516),
(20220609122114, 'Principios Bioactivos de Productos Naturales y Alimentos', 1, 20220609122215),
(20220609122114, 'Seminario de Tesis I', 1, 20220609122245),
(20220609122114, 'Laboratorio de Investigación I', 1, 20220609122319),
(20220609122114, 'Ciencias Ómicas', 2, 20220609122348),
(20220609122114, 'Seminario de Tesis II', 2, 20220609122416),
(20220609122114, 'Laboratorio de Investigación II', 2, 20220609122446),
(20220609122114, 'Biotransformaciones', 3, 20220609122521),
(20220609122114, 'Seminario de Tesis III', 3, 20220609122555),
(20220609122114, 'Laboratorio de Investigación III', 3, 20220609122623),
(20220609122114, 'Seminario Predoctoral', 4, 20220609122803),
(20220609122114, 'Laboratorio de Investigación IV', 4, 20220609122846),
(20220609122114, 'Formulación y Transporte de Principios Bioactivos', 4, 20220609123023),
(20220609122114, 'Estereoquímica de Productos Naturales ', 4, 20220609123104),
(20220609122114, 'Biocatálisis aplicada a alimentos y productos naturales ', 4, 20220609123144),
(20220609122114, 'Técnicas Avanzadas de Análisis en Sistemas Biológicos', 4, 20220609123224),
(20220609122114, 'Seminario de Investigación ', 5, 20220609123335),
(20220609122114, 'Laboratorio de Investigación V', 5, 20220609123410),
(20220609122114, 'Seminario Doctoral ', 6, 20220609123438),
(20220609122114, 'Laboratorio de Investigación VI', 6, 20220609123513),
(20220609123713, 'Seminario de Tesis e Investigación I', 1, 20220609123744),
(20220609123713, 'Modelado Estocástico', 1, 20220609123810),
(20220609123713, 'Datos e Información ', 1, 20220609123917),
(20220609123713, 'Filtrado de Señales', 1, 20220609124004),
(20220609123713, 'Procesamiento del habla', 1, 20220609124026),
(20220609123713, 'Minería de Datos', 1, 20220609124050),
(20220609123713, 'Sistemas de Información Geográfica', 1, 20220609124122),
(20220609123713, 'Aprendizaje Profundo Avanzado', 2, 20220609124233),
(20220609123713, 'Procesamiento Avanzado de Imágenes ', 2, 20220609124303),
(20220609123713, 'Computación Flexible', 2, 20220609124331),
(20220609123713, 'Temas selectos de LingüisticaComputacional', 2, 20220609124418),
(20220609123713, 'Análisis de datos y modelos de aprendizaje máquina', 2, 20220609124533),
(20220609123713, 'Optimización numérica con aplicaciones geoespaciales', 2, 20220609124615),
(20220609123713, 'Cómputo cuántico', 3, 20220609124651),
(20220609123713, 'Temas selectos de visión visión por computadora', 3, 20220609124746),
(20220609123713, 'Cómputo paralelo y distribuido', 3, 20220609124827),
(20220609123713, 'Temas selectos de procesamiento de lenguaje natural ', 3, 20220609124900),
(20220609123713, 'Modelos especializados de aprendizaje máquina ', 3, 20220609124937),
(20220609123713, 'Aprendizaje automático en Redes Complejas', 3, 20220609125007),
(20220609123713, 'Seminario de Tesis e Investigación II ', 4, 20220609125218),
(20220609123713, 'Seminario de Tesis e Investigación III ', 5, 20220609125244),
(20220609123713, 'Seminario de Tesis e Investigación IV', 6, 20220609125324),
(20221209175926, 'Cálculo I', 1, 20221212110940),
(20221209175926, 'Matemáticas', -1, 20221212111156),
(20221209175926, 'Diseño de Algoritmos', -1, 20221212111505),
(20221209175926, 'Física', -1, 20221212111515),
(20221209175926, 'Diseño de Algoritmos', 0, 20221212111603),
(20221209175926, 'Matemáticas', 0, 20221212111612),
(20221209175926, 'Lógica Matemática', 0, 20221212111622),
(20221209175926, 'Física', 0, 20221212111631),
(20221209175926, 'Mecánica para Ingeniería', 1, 20221212111802),
(20221209175926, 'Historia del Pensamiento Filosófico', 1, 20221212111823),
(20221209175926, 'Programación Estructurada', 1, 20221212111836),
(20221209175926, 'Fundamentos de Sistemas Electrónicos', 1, 20221212111851),
(20221209175926, 'Cálculo II', 2, 20221212111909),
(20221209175926, 'Álgebra Lineal', 2, 20221212111922),
(20221209175926, 'Teoría General de Sistemas', 2, 20221212111938),
(20221209175926, 'Estructura de Datos', 2, 20221212111952),
(20221209175926, 'Instrumentación Electrónica', 2, 20221212112014),
(20221209175926, 'Ecuaciones Diferenciales', 3, 20221212112030),
(20221209175926, 'Análisis Vectorial', 3, 20221212112044),
(20221209175926, 'Circuitos Eléctricos I', 3, 20221212112102),
(20221209175926, 'Programación Orientada a Objetos', 3, 20221212112121),
(20221209175926, 'Construcción de Sistemas Electrónicos', 3, 20221212112140),
(20221209175926, 'Transformadas para Ingeniería', 4, 20221212112202),
(20221209175926, 'Electricidad y Magnetismo', 4, 20221212112219),
(20221209175926, 'Circuitos Eléctricos II', 4, 20221212112237),
(20221209175926, 'Programación Visual', 4, 20221212112250),
(20221209175926, 'Circuitos Lógicos', 4, 20221212112303),
(20221209175926, 'Química para Ingeniería', 5, 20221212112319),
(20221209175926, 'Métodos Numéricos', 5, 20221212112336),
(20221209175926, 'Circuitos Electrónicos', 5, 20221212112453),
(20221209175926, 'Sensores y Actuadores', 5, 20221212112511),
(20221209175926, 'Circuitos Digitales Reconfigurables', 5, 20221212112530),
(20221209175926, 'Fundamentos de Administración', 6, 20221212112552),
(20221209175926, 'Microcontroladores', 6, 20221212112609),
(20221209175926, 'Sistemas de Control', 6, 20221212112620),
(20221209175926, 'Electrónica de Potencia', 6, 20221212112630),
(20221209175926, 'Comunicación de Datos', 6, 20221212112641),
(20221209175926, 'Dirección de Empresas', 7, 20221212112652),
(20221209175926, 'Microcontroladores Avanzados', 7, 20221212112713),
(20221209175926, 'Máquinas Eléctricas', 7, 20221212112729),
(20221209175926, 'Procesamiento de Señales', 7, 20221212112742),
(20221209175926, 'Redes de Computadoras', 7, 20221212112756),
(20221209175926, 'Derecho Mercantil, Laboral y Propiedad Industrial', 8, 20221212112825),
(20221209175926, 'Sistemas Operativos Empotrados', 8, 20221212112840),
(20221209175926, 'Fundamentos de Robótica', 8, 20221212112858),
(20221209175926, 'Administración de Redes', 8, 20221212112912),
(20221209175926, 'Fundamentos de Internet de las Cosas', 8, 20221212112943),
(20221209175926, 'Arquitectura de Computadoras', 9, 20221212113001),
(20221209175926, 'Ingeniería de Sistemas Empotrados', 9, 20221212113016),
(20221209175926, 'Inteligencia Artificial', 9, 20221212113031),
(20221209175926, 'Redes Industriales', 9, 20221212113044),
(20221209175926, 'Internet de las Cosas', 9, 20221212113235),
(20221209175926, 'Energías Renovables', 9, 20221212113257),
(20221209175926, 'Proyecto Terminal', 10, 20221212113309),
(20221209175926, 'Controladores Lógicos Programables', 10, 20221212113323),
(20221209175926, 'Visión Artificial', 10, 20221212113342),
(20221209175926, 'Análisis de Datos', 10, 20221212113353),
(20221209175926, 'Tópicos Selectos de Control', 10, 20221212113408),
(20221209175926, 'Desarrollo de Soluciones IoT', 10, 20221212113433),
(20221209175926, 'Sistemas de Accionamiento Eléctrico', 10, 20221212113455),
(20221209175926, 'Lógica Matemática', -1, 20221212113702),
(7, 'Lógica Matemática', -1, 20221212114157),
(7, 'Diseño de Algoritmos', -1, 20221212114212),
(20230526125844, 'Introducción a la Ingeniería de Software', 0, 20230526125922),
(20230526125844, 'Metodología de la Investigación ', 0, 20230526125958),
(20230526125844, 'Programación ', 0, 20230526130020),
(20230526125844, 'Ingeniería de Requisitos ', 1, 20230810130941),
(20230526125844, 'Gestión de Proyectos de Software', 1, 20230810131018),
(20230526125844, 'Seminario de Tesis I ', 1, 20230810131047),
(20230526125844, 'Especificación Formal ', 2, 20230810131153),
(20230526125844, 'Minería de Datos ', 2, 20230810131223),
(20230526125844, 'Seminario de Tesis II ', 2, 20230810131252),
(20230526125844, 'Proyecto de Investigación ', 4, 20230810131447),
(20230526125844, 'Seminario de Tesis IV', 4, 20230810131515),
(20230526125844, 'Análisis de Textos para la Ingeniería de Requisitos ', 1, 20230810132653),
(20230526125844, 'Diseño, Modelado y Arquitectura del Software', 1, 20230810132933),
(20230526125844, 'Evaluación y Mejora de los Procesos de Software', 1, 20230810133025),
(20230526125844, 'Validación y Verificación de Requisitos de Software', 1, 20230810133117),
(20230526125844, 'Análisis Semántico sobre documentos del Desarrollo de Software', 1, 20230810133206),
(20230526125844, 'Calidad de Software con modelos predictivos', 1, 20230810133450),
(20230526125844, 'Ingeniería de Software para el desarrollo de Sistemas de Aprendizaje', 1, 20230810133537),
(20230526125844, 'Predicción de errores en la Ingeniería de Software', 1, 20230810133826),
(20230526125844, 'Análisis de Textos para la Ingeniería de Requisitos ', 2, 20230810181103),
(20230526125844, 'Diseño, Modelado y Arquitectura del Software', 2, 20230810181346),
(20230526125844, 'Evaluación y Mejora de los Procesos de Software', 2, 20230810181444),
(20230526125844, 'Validación y Verificación de Requisitos de Software', 2, 20230810181521),
(20230526125844, 'Análisis Semántico sobre documentos del Desarrollo de Software', 2, 20230810181639),
(20230526125844, 'Calidad de Software con modelos predictivos', 2, 20230810181709),
(20230526125844, 'Ingeniería de Software para el desarrollo de Sistemas de Aprendizaje', 2, 20230810181745),
(20230526125844, 'Predicción de errores en la Ingeniería de Software', 2, 20230810181815),
(20230526125844, 'Análisis de Textos para la Ingeniería de Requisitos ', 3, 20230810190604),
(20230526125844, 'Diseño, Modelado y Arquitectura del Software', 3, 20230810190629),
(20230526125844, 'Evaluación y Mejora de los Procesos de Software', 3, 20230810190706),
(20230526125844, 'Validación y Verificación de Requisitos de Software', 3, 20230810190734),
(20230526125844, 'Análisis Semántico sobre documentos del Desarrollo de Software', 3, 20230810190758),
(20230526125844, 'Ingeniería de Software para el desarrollo de Sistemas de Aprendizaje', 3, 20230810190900),
(20230526125844, 'Calidad de Software con modelos predictivos', 3, 20230810190949),
(20230526125844, 'Predicción de errores en la Ingeniería de Software', 3, 20230810191026),
(20230526125844, 'Aseguramiento de la Calidad del Software', 3, 20230810191246),
(20230526125844, 'Medición del Software', 3, 20230810191647),
(20230526125844, 'Seminario de Tesis III', 3, 20230810191912),
(20230823124410, 'Modelación Matemática ', 1, 20230823125405),
(20230823124410, 'Modelación Estadística ', 1, 20230823125443),
(20230823124410, 'Seminario de tesis ', 1, 20230823125522),
(20230823124410, 'Modelación Avanzada para Ciencia de Datos', 2, 20230823125704),
(20230823124410, 'Seminario de Investigación I ', 2, 20230823125758),
(20230823124410, 'Seminario de Investigación II', 3, 20230823125831),
(20230823124410, 'Seminario de Investigación III', 4, 20230823130015),
(20230823124410, 'Seminario de Tesis IV', 5, 20230823130810),
(20230823124410, 'Seminario de tesis V', 6, 20230823130904),
(20230823124410, 'Seminario de Tesis VI', 7, 20230823130958),
(20230823124410, 'Seminario de Tesis VII', 8, 20230823131038),
(20230823124410, 'Biomatemática ', 2, 20231208162252),
(20230823124410, 'Ecuaciones diferenciales parciales ', 2, 20231208162320),
(20170908122031, 'problemas inversos ', 2, 20231208162356),
(20230823124410, 'Espacios de complejidad de algoritmos', 2, 20231208162524),
(20230823124410, 'Introducción a la teoría de aproximación ', 2, 20231208162559),
(20230823124410, 'Optimización aplicada', 2, 20231208162635),
(20230823124410, 'Lattices de Banach y operadores positivos', 2, 20231208162707),
(20230823124410, 'Modelación financiera avanzada', 2, 20231208162746),
(20230823124410, 'Procesos estocásticos avanzados ', 2, 20231208162819),
(20230823124410, 'Análisis multivariado ', 2, 20231208162903),
(20230823124410, 'Series de tiempo ', 2, 20231208162928),
(20230823124410, 'Ecuaciones en diferencias', 2, 20231208163005),
(20230823124410, 'Dinámica colectiva', 2, 20231208163032),
(20230823124410, 'Modelos matemáticos en economía y finanzas mediante sistemas dinámicos discretos', 2, 20231208163138),
(20230823124410, 'Modelos matemáticos en biología mediante sistemas dinámicos discretos ', 2, 20231208163226),
(20230823124410, 'Herramientas computacionales para ciencia de datos', 2, 20231208163537),
(20230823124410, 'Modelos para ingeniería de variables ', 2, 20231208163622),
(20230823124410, 'Modelación para Aprendizaje máquina y aprendizaje profundo ', 2, 20231208163712),
(20230823124410, 'Análisis de Big Data ', 2, 20231208163737),
(20230823124410, 'problemas inversos ', 2, 20231208164407),
(20230823124410, 'Espacios de sobolev y aplicaciones ', 2, 20231208164448),
(20240509115520, 'Estudio Efectivo', 0, 20240509115543),
(20240509115520, 'Historia del Pensamiento Filosófico', 0, 20240509115608),
(20240509115520, 'Química', 0, 20240509115618),
(20240509115520, 'Física', 0, 20240509115627),
(20240509115520, 'Precálculo', 0, 20240509115707),
(20240509115520, 'Aritmética y Algebra', 0, 20240509115724),
(20240509122840, 'Programación', 0, 20240509123017),
(20240509122840, 'Matemáticas', 0, 20240509123033),
(20240509122840, 'Estadística Básica con Python', 0, 20240509123053),
(20220609122114, 'Elaboración de Proyecto ', 0, 20240522133225),
(20220609123713, 'Programación ', 0, 20240522133318),
(20220609123713, 'Matemáticas ', 0, 20240522133342),
(20220609123713, 'Lógica ', 0, 20240522133359),
(46, 'Metodología de la investigación ', 0, 20240522133431),
(20220609123713, 'Procesamiento de señales ', 0, 20240522133451),
(20170908122017, 'Matemáticas ', 0, 20240522133510),
(20170908122017, 'Electrónica Digital ', 0, 20240522133529),
(20170908122017, 'Programación ', 0, 20240522133549),
(20170908122017, 'Control ', 0, 20240522133606),
(20170908122017, 'Metodología de la investigación ', 0, 20240522133629),
(20170908121948, 'Algebra Lineal ', 0, 20240522133713),
(20170908121948, 'Ecuaciones diferenciales ', 0, 20240522133807),
(20170908121948, 'Control lineal ', 0, 20240522133823),
(46, 'Programación ', 0, 20240522133838),
(46, 'Metodología de la investigación ', 0, 20240522133856),
(20170908121948, 'Probabilidad ', 0, 20240522133922),
(20170908121948, 'Programación ', 0, 20240522134014),
(20170908121948, 'Metodología de la investigación ', 0, 20240522134034),
(20170908122031, 'Tópicos de Análisis funcional', 0, 20240522134145),
(20170908122031, 'Tópicos de probabilidad', 0, 20240522134206),
(39, 'Metodología de la investigación ', 0, 20240524121216),
(20240509122840, 'Proyecto Aplicado 1', 1, 20240809144102),
(20240509122840, 'Base de Datos', 1, 20240809144120),
(20240509122840, 'Probabilidad y Estadística para Ciencia de Datos', 1, 20240809144150),
(20240509122840, 'Limpieza y Manipulación de Datos', 1, 20240809144218),
(20240812133602, 'Fundamentos de la Ciencia Química Sostenible', 1, 20240812133910),
(20240812133602, 'Álgebra Lineal', 1, 20240812133943),
(20240812133602, 'Cálculo Diferencial', 1, 20240812134002),
(20240812133602, 'Ciencia, Tecnología y Sociedad', 1, 20240812134027),
(20240812133602, 'Introducción a la Ingeniería Química', 1, 20240812134050),
(20240812133602, 'Mecánica Clásica', 1, 20240812134111),
(20240509115520, 'Fundamentos de la Ciencia Química Sostenible', 1, 20240812134526),
(20240509115520, 'Álgebra Lineal', 1, 20240812134549),
(20240509115520, 'Introducción a la Ingeniería Química', 1, 20240812134635),
(20240509115520, 'Cálculo Diferencial', 1, 20240812134710),
(20240509115520, 'Ciencia, Tecnología y Sociedad', 1, 20240812134726),
(20240509115520, 'Mecánica Clásica', 1, 20240812134753),
(20240509115520, 'Química Sostenible', 2, 20240812135332),
(20240509115520, 'Algoritmos y Programación', 2, 20240812135354),
(20240509115520, 'Cálculo Integral', 2, 20240812135412),
(20240509115520, 'Género y Construcción de Paz', 2, 20240812135434),
(20240509115520, 'Introducción a Procesos Sostenibles', 2, 20240812135454),
(20240509115520, 'Electricidad y Magnetismo', 2, 20240812135512),
(20240509115520, 'Tecnologías para Química Sostenible', 3, 20240812141355),
(20240509115520, 'Algoritmos de Solución Numérica', 3, 20240812141416),
(20240509115520, 'Ecuaciones Diferenciales Ordinarias', 3, 20240812141440),
(20240509115520, 'Fundamentos de Termodinámica', 3, 20240812141511),
(20240509115520, 'Balance de Materia', 3, 20240812141538),
(20240509115520, 'Estadística para Experimentadores', 3, 20240812141611),
(20240509115520, 'Química Analítica Verde', 4, 20240812141725),
(20240509115520, 'Espectroscopía y Espectrometría', 4, 20240812141747),
(20240509115520, 'Electricidad a partir de Energías Renovables', 4, 20240812141818),
(20240509115520, 'Balance de Energía', 4, 20240812141841),
(20240509115520, 'Almacenamiento de Energía Térmica', 4, 20240812141904),
(20240509115520, 'Diseño de Experimentos', 4, 20240812141919),
(20240509115520, 'Ciencia de Datos para Ingenieros', 5, 20240812143541),
(20240509115520, 'Química Orgánica', 5, 20240812143606),
(20240509115520, 'Cultura y Sociedad', 5, 20240812143619),
(20240509115520, 'Economía Circular', 5, 20240812143635),
(20240509115520, 'Transferencia de Calor y Masa', 5, 20240812144228),
(20240509115520, 'Innovación y Emprendimiento Sostenible', 6, 20240812144345),
(20240509115520, 'Ingeniería de Procesos de Separación', 6, 20240812144408),
(20240509115520, 'Ingeniería de Mecánica de Fluidos', 6, 20240812144430),
(20240509115520, 'Ingeniería Termodinámica', 6, 20240812144446),
(20240509115520, 'Ingeniería de Reactores', 6, 20240812144459),
(20240509115520, 'Ingeniería de Proyectos', 7, 20240812144536),
(20240509115520, 'Ingeniería de Instrumentación y Control', 7, 20240812144601),
(20240509115520, 'Investigación de Operaciones', 7, 20240812144842),
(20240509115520, 'Contabilidad y Control Gerencial', 7, 20240812144905),
(20240509115520, 'Ingeniería Termodinámica de Equilibrio', 7, 20240812144924),
(20240509115520, 'Ingeniería de Producto, Procesos y Producción', 7, 20240812144954),
(20240509115520, 'Modelación y Optimización de Procesos Sostenibles', 8, 20240812145035),
(20240509115520, 'Liderazgo Organizacional', 8, 20240812145109),
(20240509115520, 'Ingeniería de Diseño y Seguridad de Plantas', 8, 20240812145142),
(20240509115520, 'Optativa 1: Sostenibilidad, Seguridad y Acceso a los Alimentos', 8, 20240812145346),
(20240509115520, 'Optativa 1: Disponibilidad y Gestión Sostenible del Agua', 8, 20240812145433),
(20240509115520, 'Optativa 2: Alimentos y Plantas Bioactivas Promotoras de la Salud', 8, 20240812145515),
(20240509115520, 'Optativa 2: Tratamiento de Aguas Residuales', 8, 20240812145538),
(20240509115520, 'Optativa 3: Producción Segura y Sostenible de Alimentos', 8, 20240812145609),
(20240509115520, 'Optativa 3: Manejo de Residuos Sólidos', 8, 20240812145627),
(20240509115520, 'Estancia Profesional', 9, 20240812145714),
(20230823124410, 'Biomatemática ', 3, 20240812174600),
(20230823124410, 'Ecuaciones diferenciales parciales ', 3, 20240812174706),
(20230823124410, 'problemas inversos ', 3, 20240812174728),
(20230823124410, 'Espacios de sobolev y aplicaciones ', 3, 20240812174803),
(20230823124410, 'Espacios de complejidad de algoritmos', 3, 20240812174826),
(20230823124410, 'Introducción a la teoría de aproximación ', 3, 20240812174853),
(20230823124410, 'Optimización aplicada', 3, 20240812174913),
(20230823124410, 'Lattices de Banach y operadores positivos', 3, 20240812174937),
(20230823124410, 'Modelación financiera avanzada', 3, 20240812175005),
(20230823124410, 'Procesos estocásticos avanzados ', 3, 20240812175031),
(20230823124410, 'Analisis multivariado', 3, 20240812175103),
(20230823124410, 'Series de tiempo ', 3, 20240812175216),
(20230823124410, 'Ecuaciones en diferencias', 3, 20240812175247),
(20230823124410, 'Dinámica colectiva', 3, 20240812175310),
(20230823124410, 'Modelos matemáticos en economía y finanzas mediante sistemas dinámicos discretos', 3, 20240812175341),
(20230823124410, 'Herramientas computacionales para ciencia de datos', 3, 20240812175415),
(20230823124410, 'Modelos para ingeniería de variables ', 3, 20240812175445),
(20230823124410, 'Modelos ára Aprendizaje máquina y aprendizaje profundo', 3, 20240812175528),
(20230823124410, '', 0, 20240812175545),
(20230823124410, 'Analisis de Big Data', 3, 20240812175629),
(20230823124410, 'Modelos matemáticos en biología mediante sistemas dinámicos discretos ', 3, 20240812180239),
(20230823124410, 'Biomatemática ', 4, 20240812180357),
(20230823124410, 'Ecuaciones diferenciales parciales ', 4, 20240812180436),
(20230823124410, 'problemas inversos ', 4, 20240812180545),
(20230823124410, 'Espacios de sobolev y aplicaciones ', 4, 20240812180639),
(20230823124410, 'Espacios de complejidad de algoritmos', 4, 20240812180724),
(20230823124410, 'Introducción a la teoría de aproximación ', 4, 20240812180756),
(20230823124410, 'Optimización aplicada', 4, 20240812180817),
(20230823124410, 'Lattices de Banach y operadores positivos', 4, 20240812180838),
(20230823124410, 'Modelación financiera avanzada', 4, 20240812180859),
(20230823124410, 'Procesos estocásticos avanzados ', 4, 20240812180919),
(20230823124410, 'Analisis multivariado', 4, 20240812180941),
(20230823124410, 'Series de tiempo ', 4, 20240812181018),
(20230823124410, 'Ecuaciones en diferencias', 4, 20240812181043),
(20230823124410, 'Dinámica colectiva', 4, 20240812181102),
(20230823124410, 'Modelos matemáticos en economía y finanzas mediante sistemas dinámicos discretos', 4, 20240812181123),
(20230823124410, 'Modelos matemáticos en biología mediante sistemas dinámicos discretos ', 4, 20240812181147),
(20230823124410, 'Herramientas computacionales para ciencia de datos', 4, 20240812181208),
(20230823124410, 'Modelos para ingeniería de variables ', 4, 20240812181238),
(20230823124410, 'Modelos para aprendizaje máquina y aprendizaje profundo', 4, 20240812181334),
(20230823124410, 'Analisis de Big Data', 4, 20240812181357);

-- --------------------------------------------------------

--
-- Table structure for table `periodo`
--

CREATE TABLE `periodo` (
  `id` int NOT NULL,
  `actual` tinyint(1) NOT NULL,
  `nombre` text NOT NULL,
  `fechainicio` text NOT NULL,
  `fechafin` text NOT NULL,
  `avance1` date NOT NULL,
  `avance2` date NOT NULL,
  `avance3` date NOT NULL,
  `avance4` date NOT NULL,
  `anyo` int NOT NULL
) ENGINE=InnoDB DEFAULT CHARSET=latin1;

--
-- Dumping data for table `periodo`
--

INSERT INTO `periodo` (`id`, `actual`, `nombre`, `fechainicio`, `fechafin`, `avance1`, `avance2`, `avance3`, `avance4`, `anyo`) VALUES
(1, 0, 'A', '2017-01-01', '2017-01-01', '2017-01-01', '2017-01-01', '2017-01-01', '2017-01-01', 2017),
(2, 0, 'Verano', '2017-07-31', '2017-09-22', '2017-08-25', '2017-09-15', '2017-09-15', '2017-09-22', 2017),
(3, 0, 'A', '2017-10-02', '2018-02-16', '2017-10-23', '2017-12-01', '2018-01-11', '2018-02-08', 2018),
(4, 0, 'B', '2018-03-01', '2018-06-29', '2018-04-02', '2018-05-04', '2018-06-01', '2018-06-21', 2018),
(5, 0, 'Verano', '2018-07-30', '2018-09-21', '2018-08-23', '2018-09-17', '2018-09-17', '2018-09-17', 2018),
(6, 0, 'A', '2018-10-01', '2019-02-12', '2018-10-23', '2018-11-29', '2019-01-31', '2018-09-17', 2019),
(7, 0, 'B', '2019-03-04', '2019-06-28', '2019-03-27', '2019-05-07', '2019-06-07', '2019-06-21', 2019),
(8, 0, 'Verano', '2019-07-29', '2019-09-20', '2019-08-21', '2019-09-17', '2017-01-01', '2017-01-01', 2019),
(9, 0, 'A', '2019-10-01', '2020-02-11', '2019-10-24', '2019-11-28', '2020-01-20', '2020-01-31', 2020),
(10, 0, 'B', '2020-03-02', '2020-06-30', '2020-03-26', '2020-05-07', '2020-06-09', '2020-06-23', 2020),
(11, 0, 'Verano', '2020-08-10', '2020-10-02', '2020-08-25', '2020-09-10', '2020-09-28', '2020-10-01', 2020),
(12, 0, 'A', '2017-01-01', '2017-01-01', '2017-01-01', '2017-01-01', '2017-01-01', '2017-01-01', 2021),
(13, 0, 'A', '2020-10-12', '2021-02-12', '2020-11-03', '2020-12-03', '2021-01-20', '2021-02-05', 2021),
(14, 0, 'B', '2021-03-01', '2021-06-30', '2021-03-26', '2021-05-06', '2021-06-09', '2021-06-22', 2021),
(15, 0, 'Verano', '2021-08-02', '2021-09-24', '2021-08-17', '2021-09-02', '2021-09-20', '2021-09-22', 2021),
(16, 0, 'A', '2021-10-04', '2022-02-11', '2021-11-03', '2021-12-06', '2022-01-21', '2022-02-03', 2022),
(17, 0, 'B', '2022-03-01', '2022-06-30', '2022-03-29', '2022-05-09', '2022-06-10', '2022-06-23', 2022),
(18, 0, 'Verano', '2022-08-01', '2022-09-23', '2022-08-15', '2022-09-02', '2022-09-19', '2022-08-01', 2022),
(19, 0, 'A', '2022-10-03', '2023-02-10', '2022-10-28', '2022-11-29', '2023-01-18', '2023-02-01', 2023),
(20, 0, 'B', '2023-03-01', '2023-06-30', '2023-03-22', '2023-05-04', '2023-06-08', '2023-06-21', 2023),
(21, 0, 'Verano', '2023-07-31', '2023-09-22', '2023-08-11', '2023-08-29', '2023-09-15', '2023-09-19', 2023),
(22, 0, 'A', '2023-10-02', '2024-02-09', '2023-10-27', '2023-11-30', '2024-01-19', '2024-02-01', 2024),
(23, 0, 'B', '2024-03-04', '2024-06-28', '2024-04-02', '2024-05-06', '2024-06-06', '2024-07-01', 2024),
(24, 0, 'A', '2024-10-02', '2025-02-10', '2017-01-01', '2017-01-01', '2017-01-01', '2017-01-01', 2025),
(25, 1, 'B', '2025-03-01', '2025-06-30', '2017-01-01', '2017-01-01', '2017-01-01', '2017-01-01', 2025);

-- --------------------------------------------------------

--
-- Table structure for table `planes`
--

CREATE TABLE `planes` (
  `codigoCarrera` text NOT NULL,
  `nombre` text NOT NULL,
  `id` bigint UNSIGNED NOT NULL
) ENGINE=InnoDB DEFAULT CHARSET=latin1;

--
-- Dumping data for table `planes`
--

INSERT INTO `planes` (`codigoCarrera`, `nombre`, `id`) VALUES
('02', '4', 1),
('02', '5', 2),
('06', '3', 3),
('05', '2', 4),
('07', '4', 5),
('06', '4', 6),
('04', '4', 7),
('07', '3', 8),
('17', '1', 9),
('14', '2', 10),
('11', '3', 11),
('14', '1', 12),
('03', 'Ingeniería en Diseño3', 13),
('03', 'Ingeniería en Diseño2', 14),
('00', 'Maestríaen Robótica', 15),
('00', 'Maestríaen Diseño de Modas', 16),
('00', 'Maestríaen Diseño de Muebles', 17),
('00', 'Maestríaen Medios Interactivos', 18),
('00', 'Maestríaen Ciencias de Materiales', 19),
('00', 'Maestríaen Modelación Matemática', 20),
('00', 'Maestríaen Administración de Negocios', 21),
('00', 'Maestríaen Sistemas Distribuidos', 22),
('00', 'Maestríaen Tecnologíasde Cómputo Aplicado', 23),
('00', 'Maestríaen Ciencias: Productos Naturales y Alimentos', 24),
('00', 'Maestríaen Electrónica, Opción: Sistemas Inteligentes Aplicados', 25),
('00', 'Maestríaen Tecnologí Avanzada de Manufactura', 26),
('00', 'Doctorado en Robótica', 27),
('00', 'Doctorado en Tecnologíasde Cómputo Aplicado', 28),
('00', 'Doctorado en Modelación Matemática', 29),
('00', 'Doctorado en Electrónica, Opción: Sistemas Inteligentes Aplicados', 30),
('31', 'Plan 1', 31),
('31', 'Ingeniería Mecánica Automotriz', 32),
('90', '1', 33),
('58', '1', 34),
('60', '1', 37),
('55', '1', 38),
('57', '1', 39),
('52', '2', 40),
('53', '1', 41),
('56', '2', 42),
('59', '1', 43),
('54', '1', 44),
('51', '1', 45),
('50', '1', 46),
('91', '1', 47),
('62', '1', 20170907183645),
('61', '1', 20170908121948),
('62', '1', 20170908122006),
('64', '1', 20170908122017),
('63', '1', 20170908122031),
('61', '1', 20170908122045),
('55', '2', 20170908165528),
('91', '2', 20170911084807),
('59', '2', 20180222172129),
('05', '3', 20180618171519),
('00', 'Ingeniería Industrial', 20190211182748),
('00', 'Ingeniería en Mecánica Automotriz', 20190211183644),
('17', '2', 20190212093353),
('56', '3', 20190618093731),
('32', '1', 20200708133111),
('63', '2', 20200821175514),
('33', 'Ingeniería Civil', 20200903210553),
('54', '2', 20210609175239),
('53', '2', 20210610161919),
('58', '2', 20210816105505),
('07', '5', 20220113100050),
('11', '4', 20220113165017),
('02', '4', 1),
('02', '5', 2),
('06', '3', 3),
('05', '2', 4),
('07', '4', 5),
('06', '4', 6),
('04', '4', 7),
('07', '3', 8),
('17', '1', 9),
('14', '2', 10),
('11', '3', 11),
('14', '1', 12),
('03', 'Ingeniería en Diseño3', 13),
('03', 'Ingeniería en Diseño2', 14),
('00', 'Maestríaen Robótica', 15),
('00', 'Maestríaen Diseño de Modas', 16),
('00', 'Maestríaen Diseño de Muebles', 17),
('00', 'Maestríaen Medios Interactivos', 18),
('00', 'Maestríaen Ciencias de Materiales', 19),
('00', 'Maestríaen Modelación Matemática', 20),
('00', 'Maestríaen Administración de Negocios', 21),
('00', 'Maestríaen Sistemas Distribuidos', 22),
('00', 'Maestríaen Tecnologíasde Cómputo Aplicado', 23),
('00', 'Maestríaen Ciencias: Productos Naturales y Alimentos', 24),
('00', 'Maestríaen Electrónica, Opción: Sistemas Inteligentes Aplicados', 25),
('00', 'Maestríaen Tecnologí Avanzada de Manufactura', 26),
('00', 'Doctorado en Robótica', 27),
('00', 'Doctorado en Tecnologíasde Cómputo Aplicado', 28),
('00', 'Doctorado en Modelación Matemática', 29),
('00', 'Doctorado en Electrónica, Opción: Sistemas Inteligentes Aplicados', 30),
('31', 'Plan 1', 31),
('31', 'Ingeniería Mecánica Automotriz', 32),
('90', '1', 33),
('58', '1', 34),
('60', '1', 37),
('55', '1', 38),
('57', '1', 39),
('52', '2', 40),
('53', '1', 41),
('56', '2', 42),
('59', '1', 43),
('54', '1', 44),
('51', '1', 45),
('50', '1', 46),
('91', '1', 47),
('62', '1', 20170907183645),
('61', '1', 20170908121948),
('62', '1', 20170908122006),
('64', '1', 20170908122017),
('63', '1', 20170908122031),
('61', '1', 20170908122045),
('55', '2', 20170908165528),
('91', '2', 20170911084807),
('59', '2', 20180222172129),
('05', '3', 20180618171519),
('00', 'Ingeniería Industrial', 20190211182748),
('00', 'Ingeniería en Mecánica Automotriz', 20190211183644),
('17', '2', 20190212093353),
('56', '3', 20190618093731),
('32', '1', 20200708133111),
('63', '2', 20200821175514),
('33', 'Ingeniería Civil', 20200903210553),
('54', '2', 20210609175239),
('53', '2', 20210610161919),
('58', '2', 20210816105505),
('07', '5', 20220113100050),
('11', '4', 20220113165017);

--
-- Indexes for dumped tables
--

--
-- Indexes for table `periodo`
--
ALTER TABLE `periodo`
  ADD PRIMARY KEY (`id`);

--
-- AUTO_INCREMENT for dumped tables
--

--
-- AUTO_INCREMENT for table `periodo`
--
ALTER TABLE `periodo`
  MODIFY `id` int NOT NULL AUTO_INCREMENT, AUTO_INCREMENT=26;
COMMIT;

/*!40101 SET CHARACTER_SET_CLIENT=@OLD_CHARACTER_SET_CLIENT */;
/*!40101 SET CHARACTER_SET_RESULTS=@OLD_CHARACTER_SET_RESULTS */;
/*!40101 SET COLLATION_CONNECTION=@OLD_COLLATION_CONNECTION */;
